0,2,1,True,10,1000000,Split,-4.156
1,2,1,True,50,1000000,Split,37.87
2,2,1,True,100,1000000,Split,81.284
3,2,1,False,10,1000000,None,0.0
4,2,1,False,50,1000000,None,0.0
5,2,1,False,100,1000000,None,0.0
6,2,2,True,10,1000000,Split,-12.271
7,2,2,True,50,1000000,Split,-2.815
8,2,2,True,100,1000000,Split,-24.525
9,2,2,False,10,1000000,None,0.0
10,2,2,False,50,1000000,None,0.0
11,2,2,False,100,1000000,None,0.0
12,2,3,True,10,1000000,Split,4.086
13,2,3,True,50,1000000,Split,-68.64
14,2,3,True,100,1000000,Split,30.537
15,2,3,False,10,1000000,None,0.0
16,2,3,False,50,1000000,None,0.0
17,2,3,False,100,1000000,None,0.0
18,2,4,True,10,1000000,Split,-4.651
19,2,4,True,50,1000000,Split,-11.21
20,2,4,True,100,1000000,Split,-16.879
21,2,4,False,10,1000000,None,0.0
22,2,4,False,50,1000000,None,0.0
23,2,4,False,100,1000000,None,0.0
24,2,5,True,10,1000000,Split,-5.083
25,2,5,True,50,1000000,Split,9.499
26,2,5,True,100,1000000,Split,68.922
27,2,5,False,10,1000000,None,0.0
28,2,5,False,50,1000000,None,0.0
29,2,5,False,100,1000000,None,0.0
30,2,6,True,10,1000000,Split,-0.443
31,2,6,True,50,1000000,Split,29.068
32,2,6,True,100,1000000,Split,1.873
33,2,6,False,10,1000000,None,0.0
34,2,6,False,50,1000000,None,0.0
35,2,6,False,100,1000000,None,0.0
36,2,7,True,10,1000000,Split,-5.795
37,2,7,True,50,1000000,Split,27.824
38,2,7,True,100,1000000,Split,131.344
39,2,7,False,10,1000000,None,0.0
40,2,7,False,50,1000000,None,0.0
41,2,7,False,100,1000000,None,0.0
42,2,8,True,10,1000000,Split,7.827
43,2,8,True,50,1000000,Split,-61.788
44,2,8,True,100,1000000,Split,107.924
45,2,8,False,10,1000000,None,0.0
46,2,8,False,50,1000000,None,0.0
47,2,8,False,100,1000000,None,0.0
48,2,9,True,10,1000000,Split,12.108
49,2,9,True,50,1000000,Split,-11.934
50,2,9,True,100,1000000,Split,-30.504
51,2,9,False,10,1000000,None,0.0
52,2,9,False,50,1000000,None,0.0
53,2,9,False,100,1000000,None,0.0
54,2,10,True,10,1000000,Split,-1.389
55,2,10,True,50,1000000,Split,-20.57
56,2,10,True,100,1000000,Split,-51.559
57,2,10,False,10,1000000,None,0.0
58,2,10,False,50,1000000,None,0.0
59,2,10,False,100,1000000,None,0.0
60,3,1,True,10,1000000,None,0.0
61,3,1,True,50,1000000,None,0.0
62,3,1,True,100,1000000,None,0.0
63,3,1,False,10,1000000,None,0.0
64,3,1,False,50,1000000,None,0.0
65,3,1,False,100,1000000,None,0.0
66,3,2,True,10,1000000,None,0.0
67,3,2,True,50,1000000,None,0.0
68,3,2,True,100,1000000,None,0.0
69,3,2,False,10,1000000,None,0.0
70,3,2,False,50,1000000,None,0.0
71,3,2,False,100,1000000,None,0.0
72,3,3,True,10,1000000,None,0.0
73,3,3,True,50,1000000,None,0.0
74,3,3,True,100,1000000,None,0.0
75,3,3,False,10,1000000,None,0.0
76,3,3,False,50,1000000,None,0.0
77,3,3,False,100,1000000,None,0.0
78,3,4,True,10,1000000,None,0.0
79,3,4,True,50,1000000,None,0.0
80,3,4,True,100,1000000,None,0.0
81,3,4,False,10,1000000,None,0.0
82,3,4,False,50,1000000,None,0.0
83,3,4,False,100,1000000,None,0.0
84,3,5,True,10,1000000,None,0.0
85,3,5,True,50,1000000,None,0.0
86,3,5,True,100,1000000,None,0.0
87,3,5,False,10,1000000,None,0.0
88,3,5,False,50,1000000,None,0.0
89,3,5,False,100,1000000,None,0.0
90,3,6,True,10,1000000,None,0.0
91,3,6,True,50,1000000,None,0.0
92,3,6,True,100,1000000,None,0.0
93,3,6,False,10,1000000,None,0.0
94,3,6,False,50,1000000,None,0.0
95,3,6,False,100,1000000,None,0.0
96,3,7,True,10,1000000,None,0.0
97,3,7,True,50,1000000,None,0.0
98,3,7,True,100,1000000,None,0.0
99,3,7,False,10,1000000,None,0.0
100,3,7,False,50,1000000,None,0.0
101,3,7,False,100,1000000,None,0.0
102,3,8,True,10,1000000,None,0.0
103,3,8,True,50,1000000,None,0.0
104,3,8,True,100,1000000,None,0.0
105,3,8,False,10,1000000,None,0.0
106,3,8,False,50,1000000,None,0.0
107,3,8,False,100,1000000,None,0.0
108,3,9,True,10,1000000,None,0.0
109,3,9,True,50,1000000,None,0.0
110,3,9,True,100,1000000,None,0.0
111,3,9,False,10,1000000,None,0.0
112,3,9,False,50,1000000,None,0.0
113,3,9,False,100,1000000,None,0.0
114,3,10,True,10,1000000,None,0.0
115,3,10,True,50,1000000,None,0.0
116,3,10,True,100,1000000,None,0.0
117,3,10,False,10,1000000,None,0.0
118,3,10,False,50,1000000,None,0.0
119,3,10,False,100,1000000,None,0.0
120,4,1,True,10,1000000,None,0.0
121,4,1,True,50,1000000,None,0.0
122,4,1,True,100,1000000,None,0.0
123,4,1,False,10,1000000,Hit,-1.997
124,4,1,False,50,1000000,Hit,-20.781
125,4,1,False,100,1000000,Hit,-14.958
126,4,2,True,10,1000000,None,0.0
127,4,2,True,50,1000000,None,0.0
128,4,2,True,100,1000000,None,0.0
129,4,2,False,10,1000000,Split,-0.376
130,4,2,False,50,1000000,Hit,-8.424
131,4,2,False,100,1000000,Double,82.265
132,4,3,True,10,1000000,None,0.0
133,4,3,True,50,1000000,None,0.0
134,4,3,True,100,1000000,None,0.0
135,4,3,False,10,1000000,Double,5.53
136,4,3,False,50,1000000,Hit,-16.844
137,4,3,False,100,1000000,Hit,51.633
138,4,4,True,10,1000000,None,0.0
139,4,4,True,50,1000000,None,0.0
140,4,4,True,100,1000000,None,0.0
141,4,4,False,10,1000000,Split,7.646
142,4,4,False,50,1000000,Hit,22.473
143,4,4,False,100,1000000,Double,11.964
144,4,5,True,10,1000000,None,0.0
145,4,5,True,50,1000000,None,0.0
146,4,5,True,100,1000000,None,0.0
147,4,5,False,10,1000000,Split,5.007
148,4,5,False,50,1000000,Hit,-14.486
149,4,5,False,100,1000000,Double,92.617
150,4,6,True,10,1000000,None,0.0
151,4,6,True,50,1000000,None,0.0
152,4,6,True,100,1000000,None,0.0
153,4,6,False,10,1000000,Double,12.556
154,4,6,False,50,1000000,Split,31.656
155,4,6,False,100,1000000,Split,34.752
156,4,7,True,10,1000000,None,0.0
157,4,7,True,50,1000000,None,0.0
158,4,7,True,100,1000000,None,0.0
159,4,7,False,10,1000000,Split,-1.4
160,4,7,False,50,1000000,Hit,9.466
161,4,7,False,100,1000000,Double,-64.915
162,4,8,True,10,1000000,None,0.0
163,4,8,True,50,1000000,None,0.0
164,4,8,True,100,1000000,None,0.0
165,4,8,False,10,1000000,Hit,1.594
166,4,8,False,50,1000000,Split,-10.29
167,4,8,False,100,1000000,Double,8.522
168,4,9,True,10,1000000,None,0.0
169,4,9,True,50,1000000,None,0.0
170,4,9,True,100,1000000,None,0.0
171,4,9,False,10,1000000,Split,4.822
172,4,9,False,50,1000000,Split,-24.258
173,4,9,False,100,1000000,Hit,-23.901
174,4,10,True,10,1000000,None,0.0
175,4,10,True,50,1000000,None,0.0
176,4,10,True,100,1000000,None,0.0
177,4,10,False,10,1000000,Hit,-6.44
178,4,10,False,50,1000000,Hit,-17.114
179,4,10,False,100,1000000,Hit,-37.934
180,5,1,True,10,1000000,None,0.0
181,5,1,True,50,1000000,None,0.0
182,5,1,True,100,1000000,None,0.0
183,5,1,False,10,1000000,Hit,-8.076
184,5,1,False,50,1000000,Hit,-48.323
185,5,1,False,100,1000000,Hit,-62.742
186,5,2,True,10,1000000,None,0.0
187,5,2,True,50,1000000,None,0.0
188,5,2,True,100,1000000,None,0.0
189,5,2,False,10,1000000,Hit,-3.893
190,5,2,False,50,1000000,Hit,-28.865
191,5,2,False,100,1000000,Hit,-36.453
192,5,3,True,10,1000000,None,0.0
193,5,3,True,50,1000000,None,0.0
194,5,3,True,100,1000000,None,0.0
195,5,3,False,10,1000000,Double,8.985
196,5,3,False,50,1000000,Double,17.835
197,5,3,False,100,1000000,Hit,-84.691
198,5,4,True,10,1000000,None,0.0
199,5,4,True,50,1000000,None,0.0
200,5,4,True,100,1000000,None,0.0
201,5,4,False,10,1000000,Double,3.988
202,5,4,False,50,1000000,Double,9.034
203,5,4,False,100,1000000,Hit,4.572
204,5,5,True,10,1000000,None,0.0
205,5,5,True,50,1000000,None,0.0
206,5,5,True,100,1000000,None,0.0
207,5,5,False,10,1000000,Hit,6.172
208,5,5,False,50,1000000,Double,-10.752
209,5,5,False,100,1000000,Double,103.387
210,5,6,True,10,1000000,None,0.0
211,5,6,True,50,1000000,None,0.0
212,5,6,True,100,1000000,None,0.0
213,5,6,False,10,1000000,Double,12.031
214,5,6,False,50,1000000,Hit,-30.772
215,5,6,False,100,1000000,Hit,-44.269
216,5,7,True,10,1000000,None,0.0
217,5,7,True,50,1000000,None,0.0
218,5,7,True,100,1000000,None,0.0
219,5,7,False,10,1000000,Hit,-5.953
220,5,7,False,50,1000000,Hit,-25.975
221,5,7,False,100,1000000,Hit,-14.863
222,5,8,True,10,1000000,None,0.0
223,5,8,True,50,1000000,None,0.0
224,5,8,True,100,1000000,None,0.0
225,5,8,False,10,1000000,Hit,-1.982
226,5,8,False,50,1000000,Hit,-7.655
227,5,8,False,100,1000000,Hit,-73.307
228,5,9,True,10,1000000,None,0.0
229,5,9,True,50,1000000,None,0.0
230,5,9,True,100,1000000,None,0.0
231,5,9,False,10,1000000,Hit,-0.731
232,5,9,False,50,1000000,Hit,5.5
233,5,9,False,100,1000000,Hit,-86.384
234,5,10,True,10,1000000,None,0.0
235,5,10,True,50,1000000,None,0.0
236,5,10,True,100,1000000,None,0.0
237,5,10,False,10,1000000,Hit,-5.489
238,5,10,False,50,1000000,Hit,-27.281
239,5,10,False,100,1000000,Hit,-65.307
240,6,1,True,10,1000000,None,0.0
241,6,1,True,50,1000000,None,0.0
242,6,1,True,100,1000000,None,0.0
243,6,1,False,10,1000000,Hit,-7.232
244,6,1,False,50,1000000,Double,-26.032
245,6,1,False,100,1000000,Split,-1.466
246,6,2,True,10,1000000,None,0.0
247,6,2,True,50,1000000,None,0.0
248,6,2,True,100,1000000,None,0.0
249,6,2,False,10,1000000,Split,6.813
250,6,2,False,50,1000000,Split,24.075
251,6,2,False,100,1000000,Split,45.379
252,6,3,True,10,1000000,None,0.0
253,6,3,True,50,1000000,None,0.0
254,6,3,True,100,1000000,None,0.0
255,6,3,False,10,1000000,Hit,7.957
256,6,3,False,50,1000000,Double,26.218
257,6,3,False,100,1000000,Hit,-88.759
258,6,4,True,10,1000000,None,0.0
259,6,4,True,50,1000000,None,0.0
260,6,4,True,100,1000000,None,0.0
261,6,4,False,10,1000000,Split,0.847
262,6,4,False,50,1000000,Double,24.747
263,6,4,False,100,1000000,Split,-30.06
264,6,5,True,10,1000000,None,0.0
265,6,5,True,50,1000000,None,0.0
266,6,5,True,100,1000000,None,0.0
267,6,5,False,10,1000000,Split,8.574
268,6,5,False,50,1000000,Double,62.756
269,6,5,False,100,1000000,Double,170.266
270,6,6,True,10,1000000,None,0.0
271,6,6,True,50,1000000,None,0.0
272,6,6,True,100,1000000,None,0.0
273,6,6,False,10,1000000,Split,-4.627
274,6,6,False,50,1000000,Hit,-14.216
275,6,6,False,100,1000000,Split,80.585
276,6,7,True,10,1000000,None,0.0
277,6,7,True,50,1000000,None,0.0
278,6,7,True,100,1000000,None,0.0
279,6,7,False,10,1000000,Double,-4.495
280,6,7,False,50,1000000,Hit,-38.932
281,6,7,False,100,1000000,Split,-19.491
282,6,8,True,10,1000000,None,0.0
283,6,8,True,50,1000000,None,0.0
284,6,8,True,100,1000000,None,0.0
285,6,8,False,10,1000000,Double,-2.11
286,6,8,False,50,1000000,Split,-31.905
287,6,8,False,100,1000000,Split,25.366
288,6,9,True,10,1000000,None,0.0
289,6,9,True,50,1000000,None,0.0
290,6,9,True,100,1000000,None,0.0
291,6,9,False,10,1000000,Hit,-3.921
292,6,9,False,50,1000000,Split,-15.525
293,6,9,False,100,1000000,Hit,-39.388
294,6,10,True,10,1000000,None,0.0
295,6,10,True,50,1000000,None,0.0
296,6,10,True,100,1000000,None,0.0
297,6,10,False,10,1000000,Hit,-3.503
298,6,10,False,50,1000000,Double,2.0
299,6,10,False,100,1000000,Split,71.125
300,7,1,True,10,1000000,None,0.0
301,7,1,True,50,1000000,None,0.0
302,7,1,True,100,1000000,None,0.0
303,7,1,False,10,1000000,Double,0.686
304,7,1,False,50,1000000,Hit,-25.252
305,7,1,False,100,1000000,Double,-72.664
306,7,2,True,10,1000000,None,0.0
307,7,2,True,50,1000000,None,0.0
308,7,2,True,100,1000000,None,0.0
309,7,2,False,10,1000000,Hit,1.672
310,7,2,False,50,1000000,Hit,6.097
311,7,2,False,100,1000000,Double,1.484
312,7,3,True,10,1000000,None,0.0
313,7,3,True,50,1000000,None,0.0
314,7,3,True,100,1000000,None,0.0
315,7,3,False,10,1000000,Hit,-3.311
316,7,3,False,50,1000000,Hit,0.227
317,7,3,False,100,1000000,Double,55.283
318,7,4,True,10,1000000,None,0.0
319,7,4,True,50,1000000,None,0.0
320,7,4,True,100,1000000,None,0.0
321,7,4,False,10,1000000,Hit,-0.631
322,7,4,False,50,1000000,Hit,20.537
323,7,4,False,100,1000000,Hit,-34.647
324,7,5,True,10,1000000,None,0.0
325,7,5,True,50,1000000,None,0.0
326,7,5,True,100,1000000,None,0.0
327,7,5,False,10,1000000,Hit,2.392
328,7,5,False,50,1000000,Hit,-1.208
329,7,5,False,100,1000000,Double,1.264
330,7,6,True,10,1000000,None,0.0
331,7,6,True,50,1000000,None,0.0
332,7,6,True,100,1000000,None,0.0
333,7,6,False,10,1000000,Hit,2.332
334,7,6,False,50,1000000,Double,40.445
335,7,6,False,100,1000000,Double,19.95
336,7,7,True,10,1000000,None,0.0
337,7,7,True,50,1000000,None,0.0
338,7,7,True,100,1000000,None,0.0
339,7,7,False,10,1000000,Double,-0.871
340,7,7,False,50,1000000,Double,3.217
341,7,7,False,100,1000000,Hit,10.711
342,7,8,True,10,1000000,None,0.0
343,7,8,True,50,1000000,None,0.0
344,7,8,True,100,1000000,None,0.0
345,7,8,False,10,1000000,Double,-2.31
346,7,8,False,50,1000000,Hit,6.921
347,7,8,False,100,1000000,Hit,-16.99
348,7,9,True,10,1000000,None,0.0
349,7,9,True,50,1000000,None,0.0
350,7,9,True,100,1000000,None,0.0
351,7,9,False,10,1000000,Double,-3.884
352,7,9,False,50,1000000,Hit,-27.369
353,7,9,False,100,1000000,Hit,-64.463
354,7,10,True,10,1000000,None,0.0
355,7,10,True,50,1000000,None,0.0
356,7,10,True,100,1000000,None,0.0
357,7,10,False,10,1000000,Hit,-4.978
358,7,10,False,50,1000000,Hit,-21.715
359,7,10,False,100,1000000,Hit,-70.379
360,8,1,True,10,1000000,None,0.0
361,8,1,True,50,1000000,None,0.0
362,8,1,True,100,1000000,None,0.0
363,8,1,False,10,1000000,Hit,-4.209
364,8,1,False,50,1000000,Hit,-6.968
365,8,1,False,100,1000000,Hit,-53.077
366,8,2,True,10,1000000,None,0.0
367,8,2,True,50,1000000,None,0.0
368,8,2,True,100,1000000,None,0.0
369,8,2,False,10,1000000,Hit,5.442
370,8,2,False,50,1000000,Double,23.809
371,8,2,False,100,1000000,Hit,-7.409
372,8,3,True,10,1000000,None,0.0
373,8,3,True,50,1000000,None,0.0
374,8,3,True,100,1000000,None,0.0
375,8,3,False,10,1000000,Hit,-8.005
376,8,3,False,50,1000000,Double,25.262
377,8,3,False,100,1000000,Double,149.786
378,8,4,True,10,1000000,None,0.0
379,8,4,True,50,1000000,None,0.0
380,8,4,True,100,1000000,None,0.0
381,8,4,False,10,1000000,Double,10.375
382,8,4,False,50,1000000,Double,36.426
383,8,4,False,100,1000000,Hit,39.629
384,8,5,True,10,1000000,None,0.0
385,8,5,True,50,1000000,None,0.0
386,8,5,True,100,1000000,None,0.0
387,8,5,False,10,1000000,Double,3.564
388,8,5,False,50,1000000,Hit,5.71
389,8,5,False,100,1000000,Double,94.963
390,8,6,True,10,1000000,None,0.0
391,8,6,True,50,1000000,None,0.0
392,8,6,True,100,1000000,None,0.0
393,8,6,False,10,1000000,Double,6.976
394,8,6,False,50,1000000,Double,5.47
395,8,6,False,100,1000000,Hit,-22.653
396,8,7,True,10,1000000,None,0.0
397,8,7,True,50,1000000,None,0.0
398,8,7,True,100,1000000,None,0.0
399,8,7,False,10,1000000,Split,-0.466
400,8,7,False,50,1000000,Hit,-42.09
401,8,7,False,100,1000000,Double,-9.019
402,8,8,True,10,1000000,None,0.0
403,8,8,True,50,1000000,None,0.0
404,8,8,True,100,1000000,None,0.0
405,8,8,False,10,1000000,Double,-0.439
406,8,8,False,50,1000000,Double,-12.817
407,8,8,False,100,1000000,Double,26.964
408,8,9,True,10,1000000,None,0.0
409,8,9,True,50,1000000,None,0.0
410,8,9,True,100,1000000,None,0.0
411,8,9,False,10,1000000,Hit,1.689
412,8,9,False,50,1000000,Hit,22.389
413,8,9,False,100,1000000,Hit,12.509
414,8,10,True,10,1000000,None,0.0
415,8,10,True,50,1000000,None,0.0
416,8,10,True,100,1000000,None,0.0
417,8,10,False,10,1000000,Hit,-8.324
418,8,10,False,50,1000000,Hit,-12.813
419,8,10,False,100,1000000,Hit,-41.924
420,9,1,True,10,1000000,None,0.0
421,9,1,True,50,1000000,None,0.0
422,9,1,True,100,1000000,None,0.0
423,9,1,False,10,1000000,Hit,-4.685
424,9,1,False,50,1000000,Double,2.624
425,9,1,False,100,1000000,Hit,-28.04
426,9,2,True,10,1000000,None,0.0
427,9,2,True,50,1000000,None,0.0
428,9,2,True,100,1000000,None,0.0
429,9,2,False,10,1000000,Hit,-1.107
430,9,2,False,50,1000000,Double,15.201
431,9,2,False,100,1000000,Double,64.54
432,9,3,True,10,1000000,None,0.0
433,9,3,True,50,1000000,None,0.0
434,9,3,True,100,1000000,None,0.0
435,9,3,False,10,1000000,Double,4.376
436,9,3,False,50,1000000,Double,-0.331
437,9,3,False,100,1000000,Hit,31.21
438,9,4,True,10,1000000,None,0.0
439,9,4,True,50,1000000,None,0.0
440,9,4,True,100,1000000,None,0.0
441,9,4,False,10,1000000,Hit,-0.559
442,9,4,False,50,1000000,Double,-17.13
443,9,4,False,100,1000000,Double,-3.675
444,9,5,True,10,1000000,None,0.0
445,9,5,True,50,1000000,None,0.0
446,9,5,True,100,1000000,None,0.0
447,9,5,False,10,1000000,Double,3.749
448,9,5,False,50,1000000,Hit,38.358
449,9,5,False,100,1000000,Double,4.838
450,9,6,True,10,1000000,None,0.0
451,9,6,True,50,1000000,None,0.0
452,9,6,True,100,1000000,None,0.0
453,9,6,False,10,1000000,Double,3.703
454,9,6,False,50,1000000,Double,46.566
455,9,6,False,100,1000000,Hit,-7.699
456,9,7,True,10,1000000,None,0.0
457,9,7,True,50,1000000,None,0.0
458,9,7,True,100,1000000,None,0.0
459,9,7,False,10,1000000,Double,-5.645
460,9,7,False,50,1000000,Double,47.93
461,9,7,False,100,1000000,Hit,-37.806
462,9,8,True,10,1000000,None,0.0
463,9,8,True,50,1000000,None,0.0
464,9,8,True,100,1000000,None,0.0
465,9,8,False,10,1000000,Double,-6.498
466,9,8,False,50,1000000,Double,51.676
467,9,8,False,100,1000000,Hit,66.038
468,9,9,True,10,1000000,None,0.0
469,9,9,True,50,1000000,None,0.0
470,9,9,True,100,1000000,None,0.0
471,9,9,False,10,1000000,Hit,-7.064
472,9,9,False,50,1000000,Hit,-15.297
473,9,9,False,100,1000000,Double,38.743
474,9,10,True,10,1000000,None,0.0
475,9,10,True,50,1000000,None,0.0
476,9,10,True,100,1000000,None,0.0
477,9,10,False,10,1000000,Hit,0.304
478,9,10,False,50,1000000,Double,-42.448
479,9,10,False,100,1000000,Double,-62.952
480,10,1,True,10,1000000,None,0.0
481,10,1,True,50,1000000,None,0.0
482,10,1,True,100,1000000,None,0.0
483,10,1,False,10,1000000,Hit,2.972
484,10,1,False,50,1000000,Hit,1.545
485,10,1,False,100,1000000,Double,47.233
486,10,2,True,10,1000000,None,0.0
487,10,2,True,50,1000000,None,0.0
488,10,2,True,100,1000000,None,0.0
489,10,2,False,10,1000000,Double,-2.753
490,10,2,False,50,1000000,Double,64.581
491,10,2,False,100,1000000,Double,114.706
492,10,3,True,10,1000000,None,0.0
493,10,3,True,50,1000000,None,0.0
494,10,3,True,100,1000000,None,0.0
495,10,3,False,10,1000000,Double,16.427
496,10,3,False,50,1000000,Double,49.456
497,10,3,False,100,1000000,Double,115.271
498,10,4,True,10,1000000,None,0.0
499,10,4,True,50,1000000,None,0.0
500,10,4,True,100,1000000,None,0.0
501,10,4,False,10,1000000,Hit,-2.629
502,10,4,False,50,1000000,Double,81.704
503,10,4,False,100,1000000,Double,71.04
504,10,5,True,10,1000000,None,0.0
505,10,5,True,50,1000000,None,0.0
506,10,5,True,100,1000000,None,0.0
507,10,5,False,10,1000000,Double,10.34
508,10,5,False,50,1000000,Split,11.481
509,10,5,False,100,1000000,Double,125.539
510,10,6,True,10,1000000,None,0.0
511,10,6,True,50,1000000,None,0.0
512,10,6,True,100,1000000,None,0.0
513,10,6,False,10,1000000,Double,7.607
514,10,6,False,50,1000000,Double,68.752
515,10,6,False,100,1000000,Double,-11.945
516,10,7,True,10,1000000,None,0.0
517,10,7,True,50,1000000,None,0.0
518,10,7,True,100,1000000,None,0.0
519,10,7,False,10,1000000,Double,3.239
520,10,7,False,50,1000000,Double,48.526
521,10,7,False,100,1000000,Double,-19.929
522,10,8,True,10,1000000,None,0.0
523,10,8,True,50,1000000,None,0.0
524,10,8,True,100,1000000,None,0.0
525,10,8,False,10,1000000,Split,1.184
526,10,8,False,50,1000000,Double,-7.455
527,10,8,False,100,1000000,Hit,-48.478
528,10,9,True,10,1000000,None,0.0
529,10,9,True,50,1000000,None,0.0
530,10,9,True,100,1000000,None,0.0
531,10,9,False,10,1000000,Split,-1.607
532,10,9,False,50,1000000,Hit,-24.64
533,10,9,False,100,1000000,Double,-6.983
534,10,10,True,10,1000000,None,0.0
535,10,10,True,50,1000000,None,0.0
536,10,10,True,100,1000000,None,0.0
537,10,10,False,10,1000000,Double,-3.926
538,10,10,False,50,1000000,Double,80.084
539,10,10,False,100,1000000,Double,77.25
540,11,1,True,10,1000000,None,0.0
541,11,1,True,50,1000000,None,0.0
542,11,1,True,100,1000000,None,0.0
543,11,1,False,10,1000000,Hit,-2.422
544,11,1,False,50,1000000,Hit,7.397
545,11,1,False,100,1000000,Hit,41.726
546,11,2,True,10,1000000,None,0.0
547,11,2,True,50,1000000,None,0.0
548,11,2,True,100,1000000,None,0.0
549,11,2,False,10,1000000,Double,8.367
550,11,2,False,50,1000000,Double,53.331
551,11,2,False,100,1000000,Double,46.346
552,11,3,True,10,1000000,None,0.0
553,11,3,True,50,1000000,None,0.0
554,11,3,True,100,1000000,None,0.0
555,11,3,False,10,1000000,Double,3.332
556,11,3,False,50,1000000,Double,75.265
557,11,3,False,100,1000000,Double,161.926
558,11,4,True,10,1000000,None,0.0
559,11,4,True,50,1000000,None,0.0
560,11,4,True,100,1000000,None,0.0
561,11,4,False,10,1000000,Double,13.255
562,11,4,False,50,1000000,Double,80.914
563,11,4,False,100,1000000,Hit,44.772
564,11,5,True,10,1000000,None,0.0
565,11,5,True,50,1000000,None,0.0
566,11,5,True,100,1000000,None,0.0
567,11,5,False,10,1000000,Double,5.565
568,11,5,False,50,1000000,Double,40.94
569,11,5,False,100,1000000,Double,82.273
570,11,6,True,10,1000000,None,0.0
571,11,6,True,50,1000000,None,0.0
572,11,6,True,100,1000000,None,0.0
573,11,6,False,10,1000000,Double,14.133
574,11,6,False,50,1000000,Double,71.222
575,11,6,False,100,1000000,Double,188.98
576,11,7,True,10,1000000,None,0.0
577,11,7,True,50,1000000,None,0.0
578,11,7,True,100,1000000,None,0.0
579,11,7,False,10,1000000,Hit,-0.969
580,11,7,False,50,1000000,Double,22.378
581,11,7,False,100,1000000,Hit,50.186
582,11,8,True,10,1000000,None,0.0
583,11,8,True,50,1000000,None,0.0
584,11,8,True,100,1000000,None,0.0
585,11,8,False,10,1000000,Double,2.789
586,11,8,False,50,1000000,Double,60.565
587,11,8,False,100,1000000,Hit,-21.438
588,11,9,True,10,1000000,None,0.0
589,11,9,True,50,1000000,None,0.0
590,11,9,True,100,1000000,None,0.0
591,11,9,False,10,1000000,Hit,-5.903
592,11,9,False,50,1000000,Hit,-6.545
593,11,9,False,100,1000000,Double,107.68
594,11,10,True,10,1000000,None,0.0
595,11,10,True,50,1000000,None,0.0
596,11,10,True,100,1000000,None,0.0
597,11,10,False,10,1000000,Hit,5.476
598,11,10,False,50,1000000,Hit,26.084
599,11,10,False,100,1000000,Hit,70.578
600,12,1,True,10,1000000,Hit,-3.308
601,12,1,True,50,1000000,Stay,-19.84
602,12,1,True,100,1000000,Hit,-7.655
603,12,1,False,10,1000000,Double,-1.29
604,12,1,False,50,1000000,Stay,-9.551
605,12,1,False,100,1000000,Double,21.051
606,12,2,True,10,1000000,Stay,4.004
607,12,2,True,50,1000000,Stay,-16.177
608,12,2,True,100,1000000,Stay,45.605
609,12,2,False,10,1000000,Split,-2.835
610,12,2,False,50,1000000,Hit,24.652
611,12,2,False,100,1000000,Hit,-7.398
612,12,3,True,10,1000000,Stay,-1.708
613,12,3,True,50,1000000,Stay,-8.084
614,12,3,True,100,1000000,Stay,30.815
615,12,3,False,10,1000000,Split,-0.155
616,12,3,False,50,1000000,Hit,6.693
617,12,3,False,100,1000000,Stay,-42.256
618,12,4,True,10,1000000,Stay,-4.268
619,12,4,True,50,1000000,Hit,-14.358
620,12,4,True,100,1000000,Stay,-48.66
621,12,4,False,10,1000000,Hit,5.663
622,12,4,False,50,1000000,Stay,10.132
623,12,4,False,100,1000000,Double,55.722
624,12,5,True,10,1000000,Hit,-3.645
625,12,5,True,50,1000000,Stay,-2.229
626,12,5,True,100,1000000,Stay,33.978
627,12,5,False,10,1000000,Split,5.884
628,12,5,False,50,1000000,Stay,-5.083
629,12,5,False,100,1000000,Hit,-67.132
630,12,6,True,10,1000000,Stay,3.835
631,12,6,True,50,1000000,Stay,-9.392
632,12,6,True,100,1000000,Stay,38.252
633,12,6,False,10,1000000,Double,11.046
634,12,6,False,50,1000000,Split,14.079
635,12,6,False,100,1000000,Hit,31.847
636,12,7,True,10,1000000,Hit,-5.22
637,12,7,True,50,1000000,Stay,-43.515
638,12,7,True,100,1000000,Stay,3.05
639,12,7,False,10,1000000,Hit,-2.896
640,12,7,False,50,1000000,Hit,-31.983
641,12,7,False,100,1000000,Hit,33.325
642,12,8,True,10,1000000,Hit,-2.471
643,12,8,True,50,1000000,Stay,-10.698
644,12,8,True,100,1000000,Hit,-42.48
645,12,8,False,10,1000000,Split,2.161
646,12,8,False,50,1000000,Double,15.843
647,12,8,False,100,1000000,Hit,24.611
648,12,9,True,10,1000000,Stay,-2.471
649,12,9,True,50,1000000,Stay,-1.655
650,12,9,True,100,1000000,Stay,-0.878
651,12,9,False,10,1000000,Hit,-3.939
652,12,9,False,50,1000000,Double,38.521
653,12,9,False,100,1000000,Stay,6.569
654,12,10,True,10,1000000,Stay,-6.086
655,12,10,True,50,1000000,Hit,-8.557
656,12,10,True,100,1000000,Stay,62.702
657,12,10,False,10,1000000,Hit,2.04
658,12,10,False,50,1000000,Hit,-11.391
659,12,10,False,100,1000000,Double,57.998
660,13,1,True,10,1000000,Hit,-3.815
661,13,1,True,50,1000000,Hit,-11.256
662,13,1,True,100,1000000,Hit,-71.705
663,13,1,False,10,1000000,Double,3.939
664,13,1,False,50,1000000,Hit,-19.72
665,13,1,False,100,1000000,Stay,31.84
666,13,2,True,10,1000000,Stay,-4.55
667,13,2,True,50,1000000,Stay,-6.387
668,13,2,True,100,1000000,Double,105.183
669,13,2,False,10,1000000,Stay,3.095
670,13,2,False,50,1000000,Hit,-8.805
671,13,2,False,100,1000000,Double,79.597
672,13,3,True,10,1000000,Double,1.384
673,13,3,True,50,1000000,Hit,14.297
674,13,3,True,100,1000000,Double,51.659
675,13,3,False,10,1000000,Stay,-2.987
676,13,3,False,50,1000000,Stay,4.557
677,13,3,False,100,1000000,Stay,-25.957
678,13,4,True,10,1000000,Hit,-7.44
679,13,4,True,50,1000000,Double,9.933
680,13,4,True,100,1000000,Hit,48.773
681,13,4,False,10,1000000,Double,5.147
682,13,4,False,50,1000000,Stay,1.432
683,13,4,False,100,1000000,Stay,-43.287
684,13,5,True,10,1000000,Hit,-5.359
685,13,5,True,50,1000000,Double,32.317
686,13,5,True,100,1000000,Hit,30.693
687,13,5,False,10,1000000,Stay,-0.05
688,13,5,False,50,1000000,Double,57.176
689,13,5,False,100,1000000,Stay,-54.823
690,13,6,True,10,1000000,Double,0.53
691,13,6,True,50,1000000,Hit,1.259
692,13,6,True,100,1000000,Hit,-18.715
693,13,6,False,10,1000000,Hit,2.297
694,13,6,False,50,1000000,Double,9.012
695,13,6,False,100,1000000,Stay,10.73
696,13,7,True,10,1000000,Hit,-1.445
697,13,7,True,50,1000000,Stay,-22.398
698,13,7,True,100,1000000,Double,41.187
699,13,7,False,10,1000000,Hit,-5.288
700,13,7,False,50,1000000,Double,-22.669
701,13,7,False,100,1000000,Hit,-5.647
702,13,8,True,10,1000000,Stay,0.89
703,13,8,True,50,1000000,Double,16.568
704,13,8,True,100,1000000,Hit,9.375
705,13,8,False,10,1000000,Hit,-2.962
706,13,8,False,50,1000000,Double,34.678
707,13,8,False,100,1000000,Hit,51.76
708,13,9,True,10,1000000,Double,3.838
709,13,9,True,50,1000000,Hit,-1.701
710,13,9,True,100,1000000,Stay,-9.905
711,13,9,False,10,1000000,Stay,-3.697
712,13,9,False,50,1000000,Hit,-5.933
713,13,9,False,100,1000000,Stay,-57.551
714,13,10,True,10,1000000,Hit,-1.175
715,13,10,True,50,1000000,Double,-4.822
716,13,10,True,100,1000000,Double,-42.337
717,13,10,False,10,1000000,Hit,-2.225
718,13,10,False,50,1000000,Double,15.775
719,13,10,False,100,1000000,Hit,47.755
720,14,1,True,10,1000000,Hit,-4.205
721,14,1,True,50,1000000,Stay,-5.239
722,14,1,True,100,1000000,Hit,-23.82
723,14,1,False,10,1000000,Hit,-7.254
724,14,1,False,50,1000000,Double,26.413
725,14,1,False,100,1000000,Stay,-15.354
726,14,2,True,10,1000000,Hit,0.411
727,14,2,True,50,1000000,Stay,5.295
728,14,2,True,100,1000000,Double,-17.013
729,14,2,False,10,1000000,Double,0.937
730,14,2,False,50,1000000,Split,-28.645
731,14,2,False,100,1000000,Stay,-37.597
732,14,3,True,10,1000000,Double,0.241
733,14,3,True,50,1000000,Stay,27.775
734,14,3,True,100,1000000,Hit,4.455
735,14,3,False,10,1000000,Split,-3.336
736,14,3,False,50,1000000,Stay,32.341
737,14,3,False,100,1000000,Split,47.764
738,14,4,True,10,1000000,Double,8.125
739,14,4,True,50,1000000,Stay,-24.839
740,14,4,True,100,1000000,Double,21.37
741,14,4,False,10,1000000,Stay,5.137
742,14,4,False,50,1000000,Stay,-14.422
743,14,4,False,100,1000000,Hit,-9.356
744,14,5,True,10,1000000,Hit,4.447
745,14,5,True,50,1000000,Hit,3.995
746,14,5,True,100,1000000,Hit,-19.509
747,14,5,False,10,1000000,Stay,2.588
748,14,5,False,50,1000000,Split,26.729
749,14,5,False,100,1000000,Split,2.983
750,14,6,True,10,1000000,Hit,2.53
751,14,6,True,50,1000000,Hit,27.886
752,14,6,True,100,1000000,Hit,-37.211
753,14,6,False,10,1000000,Stay,-0.77
754,14,6,False,50,1000000,Split,26.577
755,14,6,False,100,1000000,Stay,57.364
756,14,7,True,10,1000000,Stay,5.414
757,14,7,True,50,1000000,Double,-23.48
758,14,7,True,100,1000000,Stay,12.94
759,14,7,False,10,1000000,Double,2.134
760,14,7,False,50,1000000,Hit,6.445
761,14,7,False,100,1000000,Split,-47.995
762,14,8,True,10,1000000,Hit,-2.881
763,14,8,True,50,1000000,Hit,-27.82
764,14,8,True,100,1000000,Stay,33.857
765,14,8,False,10,1000000,Double,1.404
766,14,8,False,50,1000000,Hit,20.739
767,14,8,False,100,1000000,Double,-1.778
768,14,9,True,10,1000000,Stay,-2.498
769,14,9,True,50,1000000,Stay,2.975
770,14,9,True,100,1000000,Hit,0.613
771,14,9,False,10,1000000,Hit,5.412
772,14,9,False,50,1000000,Stay,-4.304
773,14,9,False,100,1000000,Hit,-25.499
774,14,10,True,10,1000000,Hit,-0.465
775,14,10,True,50,1000000,Double,18.114
776,14,10,True,100,1000000,Hit,-51.12
777,14,10,False,10,1000000,Hit,1.174
778,14,10,False,50,1000000,Stay,4.059
779,14,10,False,100,1000000,Stay,17.864
780,15,1,True,10,1000000,Stay,-6.364
781,15,1,True,50,1000000,Hit,3.817
782,15,1,True,100,1000000,Double,-59.92
783,15,1,False,10,1000000,Double,-5.91
784,15,1,False,50,1000000,Double,13.485
785,15,1,False,100,1000000,Double,-82.008
786,15,2,True,10,1000000,Stay,-0.726
787,15,2,True,50,1000000,Stay,5.114
788,15,2,True,100,1000000,Hit,-20.285
789,15,2,False,10,1000000,Stay,-7.578
790,15,2,False,50,1000000,Double,-0.15
791,15,2,False,100,1000000,Stay,-9.723
792,15,3,True,10,1000000,Stay,7.739
793,15,3,True,50,1000000,Hit,-26.95
794,15,3,True,100,1000000,Stay,-84.155
795,15,3,False,10,1000000,Hit,-6.857
796,15,3,False,50,1000000,Stay,-40.716
797,15,3,False,100,1000000,Stay,-42.874
798,15,4,True,10,1000000,Stay,1.838
799,15,4,True,50,1000000,Stay,-7.406
800,15,4,True,100,1000000,Double,23.601
801,15,4,False,10,1000000,Stay,0.214
802,15,4,False,50,1000000,Stay,5.948
803,15,4,False,100,1000000,Hit,-12.641
804,15,5,True,10,1000000,Hit,-0.247
805,15,5,True,50,1000000,Hit,18.872
806,15,5,True,100,1000000,Hit,24.609
807,15,5,False,10,1000000,Stay,-4.15
808,15,5,False,50,1000000,Hit,-25.914
809,15,5,False,100,1000000,Hit,-8.128
810,15,6,True,10,1000000,Hit,5.81
811,15,6,True,50,1000000,Stay,25.27
812,15,6,True,100,1000000,Double,-9.261
813,15,6,False,10,1000000,Hit,-5.786
814,15,6,False,50,1000000,Double,22.579
815,15,6,False,100,1000000,Stay,-48.656
816,15,7,True,10,1000000,Hit,2.876
817,15,7,True,50,1000000,Hit,-8.072
818,15,7,True,100,1000000,Double,95.17
819,15,7,False,10,1000000,Hit,2.504
820,15,7,False,50,1000000,Stay,9.235
821,15,7,False,100,1000000,Double,-55.223
822,15,8,True,10,1000000,Hit,0.656
823,15,8,True,50,1000000,Hit,4.771
824,15,8,True,100,1000000,Stay,16.782
825,15,8,False,10,1000000,Stay,-2.74
826,15,8,False,50,1000000,Stay,-7.523
827,15,8,False,100,1000000,Double,-16.692
828,15,9,True,10,1000000,Double,9.915
829,15,9,True,50,1000000,Stay,-34.344
830,15,9,True,100,1000000,Stay,-3.141
831,15,9,False,10,1000000,Stay,-2.051
832,15,9,False,50,1000000,Hit,-16.798
833,15,9,False,100,1000000,Double,0.841
834,15,10,True,10,1000000,Stay,-2.466
835,15,10,True,50,1000000,Stay,-39.429
836,15,10,True,100,1000000,Stay,-52.426
837,15,10,False,10,1000000,Hit,-3.725
838,15,10,False,50,1000000,Hit,-36.174
839,15,10,False,100,1000000,Stay,-19.379
840,16,1,True,10,1000000,Stay,-7.059
841,16,1,True,50,1000000,Hit,-37.106
842,16,1,True,100,1000000,Stay,-51.346
843,16,1,False,10,1000000,Double,2.858
844,16,1,False,50,1000000,Split,-16.777
845,16,1,False,100,1000000,Hit,-34.022
846,16,2,True,10,1000000,Hit,0.922
847,16,2,True,50,1000000,Hit,31.472
848,16,2,True,100,1000000,Hit,-41.131
849,16,2,False,10,1000000,Double,4.748
850,16,2,False,50,1000000,Split,17.04
851,16,2,False,100,1000000,Double,18.038
852,16,3,True,10,1000000,Hit,2.617
853,16,3,True,50,1000000,Double,20.942
854,16,3,True,100,1000000,Hit,4.842
855,16,3,False,10,1000000,Stay,1.464
856,16,3,False,50,1000000,Split,-8.437
857,16,3,False,100,1000000,Split,26.731
858,16,4,True,10,1000000,Stay,0.043
859,16,4,True,50,1000000,Hit,-9.373
860,16,4,True,100,1000000,Stay,27.247
861,16,4,False,10,1000000,Stay,-6.094
862,16,4,False,50,1000000,Stay,0.552
863,16,4,False,100,1000000,Stay,-13.641
864,16,5,True,10,1000000,Double,11.331
865,16,5,True,50,1000000,Hit,8.799
866,16,5,True,100,1000000,Stay,15.439
867,16,5,False,10,1000000,Split,1.363
868,16,5,False,50,1000000,Split,6.765
869,16,5,False,100,1000000,Hit,-5.01
870,16,6,True,10,1000000,Stay,2.508
871,16,6,True,50,1000000,Hit,6.546
872,16,6,True,100,1000000,Hit,24.992
873,16,6,False,10,1000000,Split,5.643
874,16,6,False,50,1000000,Stay,22.316
875,16,6,False,100,1000000,Stay,-18.608
876,16,7,True,10,1000000,Hit,1.386
877,16,7,True,50,1000000,Hit,11.152
878,16,7,True,100,1000000,Stay,15.565
879,16,7,False,10,1000000,Hit,3.407
880,16,7,False,50,1000000,Split,32.906
881,16,7,False,100,1000000,Split,-13.277
882,16,8,True,10,1000000,Hit,-3.301
883,16,8,True,50,1000000,Double,18.617
884,16,8,True,100,1000000,Hit,-7.606
885,16,8,False,10,1000000,Hit,-5.124
886,16,8,False,50,1000000,Split,20.605
887,16,8,False,100,1000000,Hit,-23.858
888,16,9,True,10,1000000,Hit,1.652
889,16,9,True,50,1000000,Hit,15.066
890,16,9,True,100,1000000,Hit,-15.928
891,16,9,False,10,1000000,Double,15.358
892,16,9,False,50,1000000,Hit,-1.988
893,16,9,False,100,1000000,Hit,3.626
894,16,10,True,10,1000000,Hit,-4.336
895,16,10,True,50,1000000,Stay,-19.397
896,16,10,True,100,1000000,Stay,-32.115
897,16,10,False,10,1000000,Hit,-2.686
898,16,10,False,50,1000000,Double,13.854
899,16,10,False,100,1000000,Split,8.729
900,17,1,True,10,1000000,Stay,-0.892
901,17,1,True,50,1000000,Stay,9.77
902,17,1,True,100,1000000,Hit,32.661
903,17,1,False,10,1000000,Stay,-8.776
904,17,1,False,50,1000000,Double,-19.517
905,17,1,False,100,1000000,Stay,-32.572
906,17,2,True,10,1000000,Stay,1.605
907,17,2,True,50,1000000,Stay,11.29
908,17,2,True,100,1000000,Stay,-17.291
909,17,2,False,10,1000000,Double,7.548
910,17,2,False,50,1000000,Stay,11.431
911,17,2,False,100,1000000,Stay,-17.62
912,17,3,True,10,1000000,Hit,-0.635
913,17,3,True,50,1000000,Hit,2.591
914,17,3,True,100,1000000,Stay,22.59
915,17,3,False,10,1000000,Stay,1.76
916,17,3,False,50,1000000,Stay,-14.143
917,17,3,False,100,1000000,Stay,13.809
918,17,4,True,10,1000000,Stay,1.638
919,17,4,True,50,1000000,Hit,-5.236
920,17,4,True,100,1000000,Double,33.632
921,17,4,False,10,1000000,Stay,3.539
922,17,4,False,50,1000000,Stay,25.856
923,17,4,False,100,1000000,Stay,-14.665
924,17,5,True,10,1000000,Stay,0.777
925,17,5,True,50,1000000,Stay,44.698
926,17,5,True,100,1000000,Hit,-4.373
927,17,5,False,10,1000000,Stay,1.556
928,17,5,False,50,1000000,Stay,-27.769
929,17,5,False,100,1000000,Stay,-14.085
930,17,6,True,10,1000000,Hit,3.157
931,17,6,True,50,1000000,Double,85.61
932,17,6,True,100,1000000,Stay,31.834
933,17,6,False,10,1000000,Stay,0.099
934,17,6,False,50,1000000,Stay,32.877
935,17,6,False,100,1000000,Hit,-32.797
936,17,7,True,10,1000000,Stay,-1.013
937,17,7,True,50,1000000,Stay,23.487
938,17,7,True,100,1000000,Stay,-7.764
939,17,7,False,10,1000000,Stay,1.205
940,17,7,False,50,1000000,Stay,17.594
941,17,7,False,100,1000000,Stay,26.857
942,17,8,True,10,1000000,Stay,-3.669
943,17,8,True,50,1000000,Hit,-14.544
944,17,8,True,100,1000000,Hit,-54.821
945,17,8,False,10,1000000,Stay,-5.252
946,17,8,False,50,1000000,Hit,13.544
947,17,8,False,100,1000000,Stay,-36.23
948,17,9,True,10,1000000,Hit,-4.267
949,17,9,True,50,1000000,Hit,-21.558
950,17,9,True,100,1000000,Stay,-50.108
951,17,9,False,10,1000000,Stay,1.698
952,17,9,False,50,1000000,Stay,-4.022
953,17,9,False,100,1000000,Double,-68.999
954,17,10,True,10,1000000,Stay,3.038
955,17,10,True,50,1000000,Stay,-10.351
956,17,10,True,100,1000000,Double,-33.791
957,17,10,False,10,1000000,Hit,-1.955
958,17,10,False,50,1000000,Hit,-28.222
959,17,10,False,100,1000000,Hit,-53.137
960,18,1,True,10,1000000,Hit,-2.543
961,18,1,True,50,1000000,Stay,27.588
962,18,1,True,100,1000000,Stay,-10.828
963,18,1,False,10,1000000,Hit,-3.607
964,18,1,False,50,1000000,Split,27.377
965,18,1,False,100,1000000,Stay,-67.927
966,18,2,True,10,1000000,Stay,7.408
967,18,2,True,50,1000000,Hit,18.865
968,18,2,True,100,1000000,Hit,15.721
969,18,2,False,10,1000000,Stay,1.752
970,18,2,False,50,1000000,Stay,14.939
971,18,2,False,100,1000000,Stay,17.961
972,18,3,True,10,1000000,Double,-0.368
973,18,3,True,50,1000000,Hit,18.429
974,18,3,True,100,1000000,Stay,29.7
975,18,3,False,10,1000000,Double,10.109
976,18,3,False,50,1000000,Split,35.651
977,18,3,False,100,1000000,Stay,63.543
978,18,4,True,10,1000000,Hit,1.531
979,18,4,True,50,1000000,Stay,34.922
980,18,4,True,100,1000000,Stay,67.437
981,18,4,False,10,1000000,Stay,4.861
982,18,4,False,50,1000000,Split,31.018
983,18,4,False,100,1000000,Stay,75.82
984,18,5,True,10,1000000,Stay,7.726
985,18,5,True,50,1000000,Stay,6.475
986,18,5,True,100,1000000,Stay,58.011
987,18,5,False,10,1000000,Split,3.378
988,18,5,False,50,1000000,Stay,26.192
989,18,5,False,100,1000000,Stay,3.596
990,18,6,True,10,1000000,Stay,-5.63
991,18,6,True,50,1000000,Stay,8.494
992,18,6,True,100,1000000,Stay,17.417
993,18,6,False,10,1000000,Stay,-1.939
994,18,6,False,50,1000000,Stay,43.538
995,18,6,False,100,1000000,Split,-9.398
996,18,7,True,10,1000000,Hit,3.639
997,18,7,True,50,1000000,Stay,15.822
998,18,7,True,100,1000000,Stay,83.271
999,18,7,False,10,1000000,Stay,6.403
1000,18,7,False,50,1000000,Stay,41.165
1001,18,7,False,100,1000000,Stay,94.33
1002,18,8,True,10,1000000,Stay,-1.294
1003,18,8,True,50,1000000,Stay,19.352
1004,18,8,True,100,1000000,Hit,54.415
1005,18,8,False,10,1000000,Split,9.177
1006,18,8,False,50,1000000,Split,55.658
1007,18,8,False,100,1000000,Stay,25.992
1008,18,9,True,10,1000000,Stay,3.295
1009,18,9,True,50,1000000,Stay,7.559
1010,18,9,True,100,1000000,Hit,-76.498
1011,18,9,False,10,1000000,Split,8.476
1012,18,9,False,50,1000000,Split,43.906
1013,18,9,False,100,1000000,Split,26.45
1014,18,10,True,10,1000000,Stay,-0.59
1015,18,10,True,50,1000000,Hit,0.612
1016,18,10,True,100,1000000,Hit,-46.629
1017,18,10,False,10,1000000,Stay,-4.114
1018,18,10,False,50,1000000,Stay,7.624
1019,18,10,False,100,1000000,Stay,35.153
1020,19,1,True,10,1000000,Stay,3.959
1021,19,1,True,50,1000000,Double,10.453
1022,19,1,True,100,1000000,Stay,-24.436
1023,19,1,False,10,1000000,Stay,6.288
1024,19,1,False,50,1000000,Stay,24.207
1025,19,1,False,100,1000000,Stay,-16.019
1026,19,2,True,10,1000000,Stay,6.445
1027,19,2,True,50,1000000,Stay,21.89
1028,19,2,True,100,1000000,Double,9.859
1029,19,2,False,10,1000000,Stay,0.729
1030,19,2,False,50,1000000,Stay,-15.641
1031,19,2,False,100,1000000,Stay,38.876
1032,19,3,True,10,1000000,Stay,0.643
1033,19,3,True,50,1000000,Stay,17.449
1034,19,3,True,100,1000000,Stay,63.771
1035,19,3,False,10,1000000,Stay,1.296
1036,19,3,False,50,1000000,Stay,3.338
1037,19,3,False,100,1000000,Stay,54.221
1038,19,4,True,10,1000000,Stay,9.15
1039,19,4,True,50,1000000,Stay,12.064
1040,19,4,True,100,1000000,Hit,17.062
1041,19,4,False,10,1000000,Stay,2.096
1042,19,4,False,50,1000000,Stay,-12.966
1043,19,4,False,100,1000000,Stay,34.079
1044,19,5,True,10,1000000,Stay,3.668
1045,19,5,True,50,1000000,Stay,30.188
1046,19,5,True,100,1000000,Stay,56.711
1047,19,5,False,10,1000000,Stay,2.651
1048,19,5,False,50,1000000,Stay,3.091
1049,19,5,False,100,1000000,Stay,-23.064
1050,19,6,True,10,1000000,Stay,7.525
1051,19,6,True,50,1000000,Stay,34.126
1052,19,6,True,100,1000000,Hit,0.464
1053,19,6,False,10,1000000,Stay,8.011
1054,19,6,False,50,1000000,Stay,-12.969
1055,19,6,False,100,1000000,Stay,30.684
1056,19,7,True,10,1000000,Stay,1.299
1057,19,7,True,50,1000000,Stay,41.983
1058,19,7,True,100,1000000,Hit,13.712
1059,19,7,False,10,1000000,Stay,2.277
1060,19,7,False,50,1000000,Stay,35.445
1061,19,7,False,100,1000000,Stay,47.172
1062,19,8,True,10,1000000,Stay,4.746
1063,19,8,True,50,1000000,Stay,34.252
1064,19,8,True,100,1000000,Stay,91.238
1065,19,8,False,10,1000000,Stay,9.908
1066,19,8,False,50,1000000,Stay,31.894
1067,19,8,False,100,1000000,Stay,84.061
1068,19,9,True,10,1000000,Stay,4.0
1069,19,9,True,50,1000000,Stay,7.775
1070,19,9,True,100,1000000,Double,39.043
1071,19,9,False,10,1000000,Stay,5.682
1072,19,9,False,50,1000000,Stay,24.122
1073,19,9,False,100,1000000,Stay,60.761
1074,19,10,True,10,1000000,Stay,6.217
1075,19,10,True,50,1000000,Hit,-24.419
1076,19,10,True,100,1000000,Stay,53.979
1077,19,10,False,10,1000000,Stay,-0.088
1078,19,10,False,50,1000000,Stay,-14.25
1079,19,10,False,100,1000000,Stay,-13.64
1080,20,1,True,10,1000000,Stay,2.405
1081,20,1,True,50,1000000,Stay,26.866
1082,20,1,True,100,1000000,Stay,79.011
1083,20,1,False,10,1000000,Stay,-2.356
1084,20,1,False,50,1000000,Stay,39.352
1085,20,1,False,100,1000000,Stay,71.378
1086,20,2,True,10,1000000,Stay,7.64
1087,20,2,True,50,1000000,Stay,19.783
1088,20,2,True,100,1000000,Stay,84.864
1089,20,2,False,10,1000000,Stay,8.192
1090,20,2,False,50,1000000,Stay,28.996
1091,20,2,False,100,1000000,Stay,72.35
1092,20,3,True,10,1000000,Stay,8.508
1093,20,3,True,50,1000000,Stay,48.711
1094,20,3,True,100,1000000,Stay,64.203
1095,20,3,False,10,1000000,Stay,-2.803
1096,20,3,False,50,1000000,Stay,34.488
1097,20,3,False,100,1000000,Stay,76.25
1098,20,4,True,10,1000000,Stay,7.087
1099,20,4,True,50,1000000,Stay,41.403
1100,20,4,True,100,1000000,Stay,69.609
1101,20,4,False,10,1000000,Stay,4.082
1102,20,4,False,50,1000000,Stay,45.911
1103,20,4,False,100,1000000,Stay,19.689
1104,20,5,True,10,1000000,Hit,5.62
1105,20,5,True,50,1000000,Stay,36.102
1106,20,5,True,100,1000000,Stay,77.621
1107,20,5,False,10,1000000,Stay,3.595
1108,20,5,False,50,1000000,Stay,34.774
1109,20,5,False,100,1000000,Split,46.608
1110,20,6,True,10,1000000,Stay,9.581
1111,20,6,True,50,1000000,Stay,20.705
1112,20,6,True,100,1000000,Stay,85.509
1113,20,6,False,10,1000000,Stay,5.697
1114,20,6,False,50,1000000,Stay,48.686
1115,20,6,False,100,1000000,Stay,75.133
1116,20,7,True,10,1000000,Stay,9.995
1117,20,7,True,50,1000000,Stay,36.929
1118,20,7,True,100,1000000,Stay,49.288
1119,20,7,False,10,1000000,Stay,8.559
1120,20,7,False,50,1000000,Stay,43.566
1121,20,7,False,100,1000000,Stay,97.461
1122,20,8,True,10,1000000,Stay,7.813
1123,20,8,True,50,1000000,Stay,34.061
1124,20,8,True,100,1000000,Stay,70.475
1125,20,8,False,10,1000000,Split,8.869
1126,20,8,False,50,1000000,Stay,47.651
1127,20,8,False,100,1000000,Stay,98.627
1128,20,9,True,10,1000000,Stay,7.521
1129,20,9,True,50,1000000,Stay,46.492
1130,20,9,True,100,1000000,Stay,22.434
1131,20,9,False,10,1000000,Stay,7.765
1132,20,9,False,50,1000000,Stay,49.548
1133,20,9,False,100,1000000,Stay,96.861
1134,20,10,True,10,1000000,Stay,7.518
1135,20,10,True,50,1000000,Stay,33.56
1136,20,10,True,100,1000000,Stay,49.912
1137,20,10,False,10,1000000,Stay,6.557
1138,20,10,False,50,1000000,Stay,37.667
1139,20,10,False,100,1000000,Stay,60.668
1140,21,1,True,10,1000000,Stay,7.905
1141,21,1,True,50,1000000,Stay,49.399
1142,21,1,True,100,1000000,Stay,6.277
1143,21,1,False,10,1000000,Stay,8.427
1144,21,1,False,50,1000000,Stay,49.999
1145,21,1,False,100,1000000,Stay,91.389
1146,21,2,True,10,1000000,Stay,3.114
1147,21,2,True,50,1000000,Stay,40.742
1148,21,2,True,100,1000000,Stay,45.795
1149,21,2,False,10,1000000,Stay,7.809
1150,21,2,False,50,1000000,Stay,49.855
1151,21,2,False,100,1000000,Stay,91.137
1152,21,3,True,10,1000000,Stay,2.995
1153,21,3,True,50,1000000,Stay,19.009
1154,21,3,True,100,1000000,Stay,29.749
1155,21,3,False,10,1000000,Stay,8.97
1156,21,3,False,50,1000000,Stay,49.864
1157,21,3,False,100,1000000,Stay,94.186
1158,21,4,True,10,1000000,Stay,9.99
1159,21,4,True,50,1000000,Stay,39.706
1160,21,4,True,100,1000000,Stay,78.759
1161,21,4,False,10,1000000,Stay,9.929
1162,21,4,False,50,1000000,Stay,46.646
1163,21,4,False,100,1000000,Stay,85.494
1164,21,5,True,10,1000000,Stay,9.964
1165,21,5,True,50,1000000,Stay,19.856
1166,21,5,True,100,1000000,Stay,98.471
1167,21,5,False,10,1000000,Stay,9.922
1168,21,5,False,50,1000000,Stay,49.971
1169,21,5,False,100,1000000,Stay,99.951
1170,21,6,True,10,1000000,Stay,4.63
1171,21,6,True,50,1000000,Stay,49.983
1172,21,6,True,100,1000000,Stay,86.282
1173,21,6,False,10,1000000,Stay,8.969
1174,21,6,False,50,1000000,Stay,31.381
1175,21,6,False,100,1000000,Stay,92.525
1176,21,7,True,10,1000000,Stay,9.4
1177,21,7,True,50,1000000,Stay,43.573
1178,21,7,True,100,1000000,Stay,66.977
1179,21,7,False,10,1000000,Stay,8.52
1180,21,7,False,50,1000000,Stay,46.036
1181,21,7,False,100,1000000,Stay,92.597
1182,21,8,True,10,1000000,Stay,-0.605
1183,21,8,True,50,1000000,Stay,42.65
1184,21,8,True,100,1000000,Stay,63.407
1185,21,8,False,10,1000000,Stay,8.438
1186,21,8,False,50,1000000,Stay,49.406
1187,21,8,False,100,1000000,Stay,68.804
1188,21,9,True,10,1000000,Stay,6.841
1189,21,9,True,50,1000000,Stay,47.814
1190,21,9,True,100,1000000,Stay,91.011
1191,21,9,False,10,1000000,Stay,9.999
1192,21,9,False,50,1000000,Stay,49.901
1193,21,9,False,100,1000000,Stay,99.819
1194,21,10,True,10,1000000,Stay,8.617
1195,21,10,True,50,1000000,Stay,19.199
1196,21,10,True,100,1000000,Stay,92.145
1197,21,10,False,10,1000000,Stay,9.996
1198,21,10,False,50,1000000,Stay,49.962
1199,21,10,False,100,1000000,Stay,99.714
