lr_er,lr_er_desc,handNumber,handResult,handsWonRunningTotal,avgHandsWonRunningTotal
0.1_0.3,"lr: 0.1, er: 0.3",10000,1,3810,0.381
0.1_0.3,"lr: 0.1, er: 0.3",20000,1,7648,0.3824
0.1_0.3,"lr: 0.1, er: 0.3",30000,1,11589,0.3863
0.1_0.3,"lr: 0.1, er: 0.3",40000,0,15563,0.389075
0.1_0.3,"lr: 0.1, er: 0.3",50000,0,19385,0.3877
0.1_0.3,"lr: 0.1, er: 0.3",60000,0,23257,0.38761666666666666
0.1_0.3,"lr: 0.1, er: 0.3",70000,0,27129,0.3875571428571429
0.1_0.3,"lr: 0.1, er: 0.3",80000,0,31020,0.38775
0.1_0.3,"lr: 0.1, er: 0.3",90000,1,34888,0.38764444444444446
0.1_0.3,"lr: 0.1, er: 0.3",100000,0,38869,0.38869
0.1_0.3,"lr: 0.1, er: 0.3",110000,0,42850,0.38954545454545453
0.1_0.3,"lr: 0.1, er: 0.3",120000,1,46783,0.3898583333333333
0.1_0.3,"lr: 0.1, er: 0.3",130000,0,50684,0.38987692307692307
0.1_0.3,"lr: 0.1, er: 0.3",140000,1,54605,0.39003571428571426
0.1_0.3,"lr: 0.1, er: 0.3",150000,0,58617,0.39078
0.1_0.3,"lr: 0.1, er: 0.3",160000,0,62534,0.3908375
0.1_0.3,"lr: 0.1, er: 0.3",170000,1,66474,0.3910235294117647
0.1_0.3,"lr: 0.1, er: 0.3",180000,1,70423,0.3912388888888889
0.1_0.3,"lr: 0.1, er: 0.3",190000,0,74373,0.39143684210526314
0.1_0.3,"lr: 0.1, er: 0.3",200000,1,78376,0.39188
0.1_0.3,"lr: 0.1, er: 0.3",210000,0,82330,0.39204761904761903
0.1_0.3,"lr: 0.1, er: 0.3",220000,0,86369,0.3925863636363636
0.1_0.3,"lr: 0.1, er: 0.3",230000,0,90384,0.3929739130434783
0.1_0.3,"lr: 0.1, er: 0.3",240000,1,94384,0.39326666666666665
0.1_0.3,"lr: 0.1, er: 0.3",250000,0,98388,0.393552
0.1_0.3,"lr: 0.1, er: 0.3",260000,1,102475,0.39413461538461536
0.1_0.3,"lr: 0.1, er: 0.3",270000,0,106433,0.3941962962962963
0.1_0.3,"lr: 0.1, er: 0.3",280000,0,110520,0.39471428571428574
0.1_0.3,"lr: 0.1, er: 0.3",290000,0,114626,0.39526206896551724
0.1_0.3,"lr: 0.1, er: 0.3",300000,0,118661,0.39553666666666665
0.1_0.3,"lr: 0.1, er: 0.3",310000,1,122632,0.39558709677419357
0.1_0.3,"lr: 0.1, er: 0.3",320000,1,126562,0.39550625
0.1_0.3,"lr: 0.1, er: 0.3",330000,0,130533,0.39555454545454544
0.1_0.3,"lr: 0.1, er: 0.3",340000,0,134609,0.39590882352941176
0.1_0.3,"lr: 0.1, er: 0.3",350000,0,138608,0.3960228571428571
0.1_0.3,"lr: 0.1, er: 0.3",360000,1,142619,0.39616388888888887
0.1_0.3,"lr: 0.1, er: 0.3",370000,1,146712,0.39651891891891894
0.1_0.3,"lr: 0.1, er: 0.3",380000,1,150667,0.39649210526315787
0.1_0.3,"lr: 0.1, er: 0.3",390000,0,154734,0.3967538461538462
0.1_0.3,"lr: 0.1, er: 0.3",400000,0,158797,0.3969925
0.1_0.3,"lr: 0.1, er: 0.3",410000,1,162813,0.3971048780487805
0.1_0.3,"lr: 0.1, er: 0.3",420000,0,166876,0.3973238095238095
0.1_0.3,"lr: 0.1, er: 0.3",430000,1,170940,0.3975348837209302
0.1_0.3,"lr: 0.1, er: 0.3",440000,0,175041,0.39782045454545456
0.1_0.3,"lr: 0.1, er: 0.3",450000,0,179010,0.3978
0.1_0.3,"lr: 0.1, er: 0.3",460000,1,183100,0.39804347826086955
0.1_0.3,"lr: 0.1, er: 0.3",470000,1,187142,0.39817446808510637
0.1_0.3,"lr: 0.1, er: 0.3",480000,0,191286,0.3985125
0.1_0.3,"lr: 0.1, er: 0.3",490000,0,195266,0.3985020408163265
0.1_0.3,"lr: 0.1, er: 0.3",500000,1,199309,0.398618
0.1_0.3,"lr: 0.1, er: 0.3",510000,0,203359,0.39874313725490196
0.1_0.3,"lr: 0.1, er: 0.3",520000,0,207350,0.39875
0.1_0.3,"lr: 0.1, er: 0.3",530000,0,211486,0.3990301886792453
0.1_0.3,"lr: 0.1, er: 0.3",540000,0,215601,0.3992611111111111
0.1_0.3,"lr: 0.1, er: 0.3",550000,1,219729,0.3995072727272727
0.1_0.3,"lr: 0.1, er: 0.3",560000,1,223882,0.39978928571428574
0.1_0.3,"lr: 0.1, er: 0.3",570000,0,227929,0.3998754385964912
0.1_0.3,"lr: 0.1, er: 0.3",580000,1,232087,0.40015
0.1_0.3,"lr: 0.1, er: 0.3",590000,1,236159,0.40026949152542374
0.1_0.3,"lr: 0.1, er: 0.3",600000,0,240321,0.400535
0.1_0.3,"lr: 0.1, er: 0.3",610000,1,244455,0.40074590163934426
0.1_0.3,"lr: 0.1, er: 0.3",620000,0,248598,0.4009645161290323
0.1_0.3,"lr: 0.1, er: 0.3",630000,1,252672,0.4010666666666667
0.1_0.3,"lr: 0.1, er: 0.3",640000,0,256708,0.40110625
0.1_0.3,"lr: 0.1, er: 0.3",650000,0,260847,0.40130307692307693
0.1_0.3,"lr: 0.1, er: 0.3",660000,1,265018,0.40154242424242426
0.1_0.3,"lr: 0.1, er: 0.3",670000,0,269104,0.40164776119402984
0.1_0.3,"lr: 0.1, er: 0.3",680000,0,273148,0.4016882352941176
0.1_0.3,"lr: 0.1, er: 0.3",690000,0,277256,0.40182028985507245
0.1_0.3,"lr: 0.1, er: 0.3",700000,0,281391,0.4019871428571429
0.1_0.3,"lr: 0.1, er: 0.3",710000,0,285541,0.4021704225352113
0.1_0.3,"lr: 0.1, er: 0.3",720000,1,289721,0.4023902777777778
0.1_0.3,"lr: 0.1, er: 0.3",730000,0,293872,0.4025643835616438
0.1_0.3,"lr: 0.1, er: 0.3",740000,1,298041,0.4027581081081081
0.1_0.3,"lr: 0.1, er: 0.3",750000,0,302266,0.40302133333333334
0.1_0.3,"lr: 0.1, er: 0.3",760000,1,306442,0.40321315789473683
0.1_0.3,"lr: 0.1, er: 0.3",770000,0,310624,0.4034077922077922
0.1_0.3,"lr: 0.1, er: 0.3",780000,0,314787,0.4035730769230769
0.1_0.3,"lr: 0.1, er: 0.3",790000,0,318964,0.4037518987341772
0.1_0.3,"lr: 0.1, er: 0.3",800000,1,323074,0.4038425
0.1_0.3,"lr: 0.1, er: 0.3",810000,0,327187,0.40393456790123455
0.1_0.3,"lr: 0.1, er: 0.3",820000,0,331456,0.40421463414634146
0.1_0.3,"lr: 0.1, er: 0.3",830000,0,335701,0.4044590361445783
0.1_0.3,"lr: 0.1, er: 0.3",840000,1,339934,0.40468333333333334
0.1_0.3,"lr: 0.1, er: 0.3",850000,1,344228,0.4049741176470588
0.1_0.3,"lr: 0.1, er: 0.3",860000,0,348514,0.4052488372093023
0.1_0.3,"lr: 0.1, er: 0.3",870000,1,352730,0.4054367816091954
0.1_0.3,"lr: 0.1, er: 0.3",880000,1,357028,0.4057136363636364
0.1_0.3,"lr: 0.1, er: 0.3",890000,1,361239,0.40588651685393257
0.1_0.3,"lr: 0.1, er: 0.3",900000,0,365453,0.4060588888888889
0.1_0.3,"lr: 0.1, er: 0.3",910000,0,369674,0.4062351648351648
0.1_0.3,"lr: 0.1, er: 0.3",920000,0,373899,0.4064119565217391
0.1_0.3,"lr: 0.1, er: 0.3",930000,1,378168,0.40663225806451614
0.1_0.3,"lr: 0.1, er: 0.3",940000,1,382393,0.40680106382978726
0.1_0.3,"lr: 0.1, er: 0.3",950000,0,386659,0.40700947368421053
0.1_0.3,"lr: 0.1, er: 0.3",960000,1,390880,0.4071666666666667
0.1_0.3,"lr: 0.1, er: 0.3",970000,0,395123,0.4073432989690722
0.1_0.3,"lr: 0.1, er: 0.3",980000,0,399319,0.40746836734693875
0.1_0.3,"lr: 0.1, er: 0.3",990000,0,403584,0.40766060606060606
0.1_0.3,"lr: 0.1, er: 0.3",1000000,1,407844,0.407844
0.1_0.3,"lr: 0.1, er: 0.3",1010000,1,411984,0.4079049504950495
0.1_0.3,"lr: 0.1, er: 0.3",1014730,1,413988,0.4079784770332995
0.1_0.5,"lr: 0.1, er: 0.5",10000,0,3678,0.3678
0.1_0.5,"lr: 0.1, er: 0.5",20000,0,7317,0.36585
0.1_0.5,"lr: 0.1, er: 0.5",30000,0,10989,0.3663
0.1_0.5,"lr: 0.1, er: 0.5",40000,0,14758,0.36895
0.1_0.5,"lr: 0.1, er: 0.5",50000,0,18513,0.37026
0.1_0.5,"lr: 0.1, er: 0.5",60000,0,22240,0.37066666666666664
0.1_0.5,"lr: 0.1, er: 0.5",70000,0,25894,0.3699142857142857
0.1_0.5,"lr: 0.1, er: 0.5",80000,0,29637,0.3704625
0.1_0.5,"lr: 0.1, er: 0.5",90000,0,33364,0.3707111111111111
0.1_0.5,"lr: 0.1, er: 0.5",100000,1,37156,0.37156
0.1_0.5,"lr: 0.1, er: 0.5",110000,0,40796,0.3708727272727273
0.1_0.5,"lr: 0.1, er: 0.5",120000,1,44567,0.3713916666666667
0.1_0.5,"lr: 0.1, er: 0.5",130000,0,48283,0.3714076923076923
0.1_0.5,"lr: 0.1, er: 0.5",140000,0,52102,0.37215714285714285
0.1_0.5,"lr: 0.1, er: 0.5",150000,0,55946,0.3729733333333333
0.1_0.5,"lr: 0.1, er: 0.5",160000,0,59656,0.37285
0.1_0.5,"lr: 0.1, er: 0.5",170000,0,63437,0.37315882352941177
0.1_0.5,"lr: 0.1, er: 0.5",180000,0,67305,0.3739166666666667
0.1_0.5,"lr: 0.1, er: 0.5",190000,0,71100,0.3742105263157895
0.1_0.5,"lr: 0.1, er: 0.5",200000,0,74896,0.37448
0.1_0.5,"lr: 0.1, er: 0.5",210000,1,78649,0.37451904761904764
0.1_0.5,"lr: 0.1, er: 0.5",220000,0,82413,0.37460454545454547
0.1_0.5,"lr: 0.1, er: 0.5",230000,1,86300,0.37521739130434784
0.1_0.5,"lr: 0.1, er: 0.5",240000,1,90143,0.37559583333333335
0.1_0.5,"lr: 0.1, er: 0.5",250000,0,93934,0.375736
0.1_0.5,"lr: 0.1, er: 0.5",260000,0,97784,0.37609230769230767
0.1_0.5,"lr: 0.1, er: 0.5",270000,0,101660,0.37651851851851853
0.1_0.5,"lr: 0.1, er: 0.5",280000,0,105514,0.3768357142857143
0.1_0.5,"lr: 0.1, er: 0.5",290000,1,109351,0.37707241379310347
0.1_0.5,"lr: 0.1, er: 0.5",300000,0,113184,0.37728
0.1_0.5,"lr: 0.1, er: 0.5",310000,0,116988,0.37738064516129033
0.1_0.5,"lr: 0.1, er: 0.5",320000,0,120795,0.377484375
0.1_0.5,"lr: 0.1, er: 0.5",330000,1,124591,0.37754848484848486
0.1_0.5,"lr: 0.1, er: 0.5",340000,1,128379,0.3775852941176471
0.1_0.5,"lr: 0.1, er: 0.5",350000,1,132251,0.37786
0.1_0.5,"lr: 0.1, er: 0.5",360000,0,136127,0.3781305555555556
0.1_0.5,"lr: 0.1, er: 0.5",370000,1,139944,0.37822702702702704
0.1_0.5,"lr: 0.1, er: 0.5",380000,0,143877,0.37862368421052633
0.1_0.5,"lr: 0.1, er: 0.5",390000,0,147843,0.3790846153846154
0.1_0.5,"lr: 0.1, er: 0.5",400000,0,151799,0.3794975
0.1_0.5,"lr: 0.1, er: 0.5",410000,1,155810,0.38002439024390244
0.1_0.5,"lr: 0.1, er: 0.5",420000,0,159784,0.38043809523809524
0.1_0.5,"lr: 0.1, er: 0.5",430000,0,163756,0.3808279069767442
0.1_0.5,"lr: 0.1, er: 0.5",440000,1,167689,0.3811113636363636
0.1_0.5,"lr: 0.1, er: 0.5",450000,0,171717,0.38159333333333334
0.1_0.5,"lr: 0.1, er: 0.5",460000,1,175757,0.38208043478260867
0.1_0.5,"lr: 0.1, er: 0.5",470000,0,179685,0.38230851063829785
0.1_0.5,"lr: 0.1, er: 0.5",480000,1,183594,0.3824875
0.1_0.5,"lr: 0.1, er: 0.5",490000,1,187648,0.38295510204081634
0.1_0.5,"lr: 0.1, er: 0.5",500000,0,191637,0.383274
0.1_0.5,"lr: 0.1, er: 0.5",510000,0,195591,0.38351176470588233
0.1_0.5,"lr: 0.1, er: 0.5",520000,0,199573,0.38379423076923075
0.1_0.5,"lr: 0.1, er: 0.5",530000,0,203544,0.3840452830188679
0.1_0.5,"lr: 0.1, er: 0.5",540000,1,207500,0.38425925925925924
0.1_0.5,"lr: 0.1, er: 0.5",550000,0,211554,0.38464363636363635
0.1_0.5,"lr: 0.1, er: 0.5",560000,1,215596,0.38499285714285714
0.1_0.5,"lr: 0.1, er: 0.5",570000,1,219635,0.3853245614035088
0.1_0.5,"lr: 0.1, er: 0.5",580000,1,223701,0.3856913793103448
0.1_0.5,"lr: 0.1, er: 0.5",590000,1,227696,0.38592542372881355
0.1_0.5,"lr: 0.1, er: 0.5",600000,1,231669,0.386115
0.1_0.5,"lr: 0.1, er: 0.5",610000,0,235746,0.3864688524590164
0.1_0.5,"lr: 0.1, er: 0.5",620000,1,239815,0.3867983870967742
0.1_0.5,"lr: 0.1, er: 0.5",630000,0,243846,0.3870571428571429
0.1_0.5,"lr: 0.1, er: 0.5",640000,1,247956,0.38743125
0.1_0.5,"lr: 0.1, er: 0.5",650000,0,251956,0.3876246153846154
0.1_0.5,"lr: 0.1, er: 0.5",660000,0,256107,0.3880409090909091
0.1_0.5,"lr: 0.1, er: 0.5",670000,1,260190,0.3883432835820895
0.1_0.5,"lr: 0.1, er: 0.5",680000,1,264228,0.3885705882352941
0.1_0.5,"lr: 0.1, er: 0.5",690000,0,268371,0.38894347826086956
0.1_0.5,"lr: 0.1, er: 0.5",700000,0,272506,0.3892942857142857
0.1_0.5,"lr: 0.1, er: 0.5",710000,1,276656,0.389656338028169
0.1_0.5,"lr: 0.1, er: 0.5",720000,0,280833,0.3900458333333333
0.1_0.5,"lr: 0.1, er: 0.5",730000,1,284983,0.3903876712328767
0.1_0.5,"lr: 0.1, er: 0.5",740000,0,289098,0.390672972972973
0.1_0.5,"lr: 0.1, er: 0.5",750000,0,293247,0.390996
0.1_0.5,"lr: 0.1, er: 0.5",760000,0,297330,0.39122368421052633
0.1_0.5,"lr: 0.1, er: 0.5",770000,0,301452,0.3914961038961039
0.1_0.5,"lr: 0.1, er: 0.5",780000,1,305469,0.3916269230769231
0.1_0.5,"lr: 0.1, er: 0.5",790000,1,309547,0.39183164556962025
0.1_0.5,"lr: 0.1, er: 0.5",800000,0,313657,0.39207125
0.1_0.5,"lr: 0.1, er: 0.5",810000,0,317785,0.39232716049382715
0.1_0.5,"lr: 0.1, er: 0.5",820000,0,321903,0.39256463414634146
0.1_0.5,"lr: 0.1, er: 0.5",830000,0,326045,0.3928253012048193
0.1_0.5,"lr: 0.1, er: 0.5",840000,1,330164,0.39305238095238093
0.1_0.5,"lr: 0.1, er: 0.5",850000,0,334249,0.39323411764705885
0.1_0.5,"lr: 0.1, er: 0.5",860000,0,338527,0.3936360465116279
0.1_0.5,"lr: 0.1, er: 0.5",870000,0,342732,0.3939448275862069
0.1_0.5,"lr: 0.1, er: 0.5",880000,1,346974,0.39428863636363637
0.1_0.5,"lr: 0.1, er: 0.5",890000,1,351181,0.39458539325842695
0.1_0.5,"lr: 0.1, er: 0.5",900000,1,355333,0.39481444444444447
0.1_0.5,"lr: 0.1, er: 0.5",910000,1,359519,0.39507582417582415
0.1_0.5,"lr: 0.1, er: 0.5",920000,0,363713,0.39534021739130437
0.1_0.5,"lr: 0.1, er: 0.5",930000,0,367876,0.39556559139784947
0.1_0.5,"lr: 0.1, er: 0.5",940000,0,372081,0.3958308510638298
0.1_0.5,"lr: 0.1, er: 0.5",950000,0,376345,0.39615263157894737
0.1_0.5,"lr: 0.1, er: 0.5",960000,0,380549,0.3964052083333333
0.1_0.5,"lr: 0.1, er: 0.5",970000,1,384703,0.39660103092783505
0.1_0.5,"lr: 0.1, er: 0.5",980000,0,388974,0.3969122448979592
0.1_0.5,"lr: 0.1, er: 0.5",990000,0,393197,0.3971686868686869
0.1_0.5,"lr: 0.1, er: 0.5",1000000,0,397381,0.397381
0.1_0.5,"lr: 0.1, er: 0.5",1010000,0,401625,0.39764851485148517
0.1_0.5,"lr: 0.1, er: 0.5",1016078,0,404188,0.397792295473379
0.1_1,"lr: 0.1, er: 1",10000,0,3207,0.3207
0.1_1,"lr: 0.1, er: 1",20000,0,6320,0.316
0.1_1,"lr: 0.1, er: 1",30000,1,9540,0.318
0.1_1,"lr: 0.1, er: 1",40000,1,12750,0.31875
0.1_1,"lr: 0.1, er: 1",50000,1,15962,0.31924
0.1_1,"lr: 0.1, er: 1",60000,0,19186,0.31976666666666664
0.1_1,"lr: 0.1, er: 1",70000,1,22449,0.3207
0.1_1,"lr: 0.1, er: 1",80000,0,25703,0.3212875
0.1_1,"lr: 0.1, er: 1",90000,1,28945,0.3216111111111111
0.1_1,"lr: 0.1, er: 1",100000,0,32200,0.322
0.1_1,"lr: 0.1, er: 1",110000,1,35499,0.3227181818181818
0.1_1,"lr: 0.1, er: 1",120000,1,38846,0.32371666666666665
0.1_1,"lr: 0.1, er: 1",130000,1,42225,0.3248076923076923
0.1_1,"lr: 0.1, er: 1",140000,0,45610,0.3257857142857143
0.1_1,"lr: 0.1, er: 1",150000,0,48840,0.3256
0.1_1,"lr: 0.1, er: 1",160000,0,52223,0.32639375
0.1_1,"lr: 0.1, er: 1",170000,1,55613,0.3271352941176471
0.1_1,"lr: 0.1, er: 1",180000,0,58939,0.3274388888888889
0.1_1,"lr: 0.1, er: 1",190000,1,62172,0.32722105263157897
0.1_1,"lr: 0.1, er: 1",200000,0,65517,0.327585
0.1_1,"lr: 0.1, er: 1",210000,1,69042,0.32877142857142855
0.1_1,"lr: 0.1, er: 1",220000,0,72490,0.3295
0.1_1,"lr: 0.1, er: 1",230000,0,75874,0.3298869565217391
0.1_1,"lr: 0.1, er: 1",240000,0,79306,0.3304416666666667
0.1_1,"lr: 0.1, er: 1",250000,1,82733,0.330932
0.1_1,"lr: 0.1, er: 1",260000,1,86224,0.33163076923076923
0.1_1,"lr: 0.1, er: 1",270000,1,89593,0.3318259259259259
0.1_1,"lr: 0.1, er: 1",280000,1,93073,0.3324035714285714
0.1_1,"lr: 0.1, er: 1",290000,1,96669,0.33334137931034485
0.1_1,"lr: 0.1, er: 1",300000,0,100174,0.33391333333333334
0.1_1,"lr: 0.1, er: 1",310000,0,103740,0.33464516129032257
0.1_1,"lr: 0.1, er: 1",320000,1,107257,0.335178125
0.1_1,"lr: 0.1, er: 1",330000,0,110759,0.33563333333333334
0.1_1,"lr: 0.1, er: 1",340000,0,114351,0.3363264705882353
0.1_1,"lr: 0.1, er: 1",350000,0,117812,0.3366057142857143
0.1_1,"lr: 0.1, er: 1",360000,1,121396,0.33721111111111113
0.1_1,"lr: 0.1, er: 1",370000,1,125048,0.3379675675675676
0.1_1,"lr: 0.1, er: 1",380000,0,128634,0.3385105263157895
0.1_1,"lr: 0.1, er: 1",390000,0,132198,0.33896923076923074
0.1_1,"lr: 0.1, er: 1",400000,0,135731,0.3393275
0.1_1,"lr: 0.1, er: 1",410000,1,139312,0.33978536585365854
0.1_1,"lr: 0.1, er: 1",420000,1,142921,0.3402880952380952
0.1_1,"lr: 0.1, er: 1",430000,1,146591,0.3409093023255814
0.1_1,"lr: 0.1, er: 1",440000,0,150185,0.34132954545454547
0.1_1,"lr: 0.1, er: 1",450000,0,153835,0.3418555555555556
0.1_1,"lr: 0.1, er: 1",460000,0,157592,0.3425913043478261
0.1_1,"lr: 0.1, er: 1",470000,0,161247,0.3430787234042553
0.1_1,"lr: 0.1, er: 1",480000,0,164992,0.34373333333333334
0.1_1,"lr: 0.1, er: 1",490000,0,168700,0.3442857142857143
0.1_1,"lr: 0.1, er: 1",500000,0,172412,0.344824
0.1_1,"lr: 0.1, er: 1",510000,0,176024,0.34514509803921567
0.1_1,"lr: 0.1, er: 1",520000,1,179704,0.3455846153846154
0.1_1,"lr: 0.1, er: 1",530000,0,183413,0.3460622641509434
0.1_1,"lr: 0.1, er: 1",540000,0,187080,0.34644444444444444
0.1_1,"lr: 0.1, er: 1",550000,0,190831,0.3469654545454545
0.1_1,"lr: 0.1, er: 1",560000,0,194557,0.34742321428571427
0.1_1,"lr: 0.1, er: 1",570000,0,198384,0.3480421052631579
0.1_1,"lr: 0.1, er: 1",580000,0,202058,0.34837586206896554
0.1_1,"lr: 0.1, er: 1",590000,0,205819,0.3488457627118644
0.1_1,"lr: 0.1, er: 1",600000,0,209695,0.34949166666666664
0.1_1,"lr: 0.1, er: 1",610000,1,213524,0.3500393442622951
0.1_1,"lr: 0.1, er: 1",620000,1,217308,0.3504967741935484
0.1_1,"lr: 0.1, er: 1",630000,1,221170,0.3510634920634921
0.1_1,"lr: 0.1, er: 1",640000,1,224982,0.351534375
0.1_1,"lr: 0.1, er: 1",650000,1,228833,0.3520507692307692
0.1_1,"lr: 0.1, er: 1",660000,0,232661,0.35251666666666664
0.1_1,"lr: 0.1, er: 1",670000,0,236509,0.3529985074626866
0.1_1,"lr: 0.1, er: 1",680000,1,240399,0.3535279411764706
0.1_1,"lr: 0.1, er: 1",690000,0,244354,0.35413623188405796
0.1_1,"lr: 0.1, er: 1",700000,1,248278,0.35468285714285713
0.1_1,"lr: 0.1, er: 1",710000,0,252181,0.3551845070422535
0.1_1,"lr: 0.1, er: 1",720000,1,256063,0.35564305555555553
0.1_1,"lr: 0.1, er: 1",730000,0,259985,0.35614383561643836
0.1_1,"lr: 0.1, er: 1",740000,0,263892,0.3566108108108108
0.1_1,"lr: 0.1, er: 1",750000,0,267817,0.3570893333333333
0.1_1,"lr: 0.1, er: 1",760000,0,271805,0.35763815789473685
0.1_1,"lr: 0.1, er: 1",770000,0,275820,0.3582077922077922
0.1_1,"lr: 0.1, er: 1",780000,0,279749,0.3586525641025641
0.1_1,"lr: 0.1, er: 1",790000,1,283672,0.3590784810126582
0.1_1,"lr: 0.1, er: 1",800000,0,287685,0.35960625
0.1_1,"lr: 0.1, er: 1",810000,1,291647,0.360058024691358
0.1_1,"lr: 0.1, er: 1",820000,1,295726,0.36064146341463416
0.1_1,"lr: 0.1, er: 1",830000,1,299729,0.3611192771084337
0.1_1,"lr: 0.1, er: 1",840000,0,303760,0.3616190476190476
0.1_1,"lr: 0.1, er: 1",850000,0,307751,0.36206
0.1_1,"lr: 0.1, er: 1",860000,0,311792,0.3625488372093023
0.1_1,"lr: 0.1, er: 1",870000,1,315856,0.3630528735632184
0.1_1,"lr: 0.1, er: 1",880000,1,320020,0.36365909090909093
0.1_1,"lr: 0.1, er: 1",890000,0,324105,0.3641629213483146
0.1_1,"lr: 0.1, er: 1",900000,0,328225,0.36469444444444443
0.1_1,"lr: 0.1, er: 1",910000,0,332342,0.36521098901098903
0.1_1,"lr: 0.1, er: 1",920000,1,336388,0.36563913043478263
0.1_1,"lr: 0.1, er: 1",930000,1,340470,0.3660967741935484
0.1_1,"lr: 0.1, er: 1",940000,1,344517,0.36650744680851066
0.1_1,"lr: 0.1, er: 1",950000,1,348680,0.36703157894736843
0.1_1,"lr: 0.1, er: 1",960000,0,352778,0.36747708333333334
0.1_1,"lr: 0.1, er: 1",970000,1,356993,0.3680340206185567
0.1_1,"lr: 0.1, er: 1",980000,1,361185,0.3685561224489796
0.1_1,"lr: 0.1, er: 1",990000,1,365478,0.369169696969697
0.1_1,"lr: 0.1, er: 1",1000000,0,369678,0.369678
0.1_1,"lr: 0.1, er: 1",1010000,1,373910,0.3702079207920792
0.1_1,"lr: 0.1, er: 1",1018122,0,377336,0.3706196310461811
0.3_0.3,"lr: 0.3, er: 0.3",10000,0,3759,0.3759
0.3_0.3,"lr: 0.3, er: 0.3",20000,0,7575,0.37875
0.3_0.3,"lr: 0.3, er: 0.3",30000,0,11486,0.3828666666666667
0.3_0.3,"lr: 0.3, er: 0.3",40000,0,15400,0.385
0.3_0.3,"lr: 0.3, er: 0.3",50000,0,19352,0.38704
0.3_0.3,"lr: 0.3, er: 0.3",60000,1,23179,0.38631666666666664
0.3_0.3,"lr: 0.3, er: 0.3",70000,1,27072,0.38674285714285717
0.3_0.3,"lr: 0.3, er: 0.3",80000,1,30850,0.385625
0.3_0.3,"lr: 0.3, er: 0.3",90000,0,34792,0.3865777777777778
0.3_0.3,"lr: 0.3, er: 0.3",100000,0,38681,0.38681
0.3_0.3,"lr: 0.3, er: 0.3",110000,0,42539,0.3867181818181818
0.3_0.3,"lr: 0.3, er: 0.3",120000,1,46434,0.38695
0.3_0.3,"lr: 0.3, er: 0.3",130000,0,50365,0.3874230769230769
0.3_0.3,"lr: 0.3, er: 0.3",140000,0,54260,0.38757142857142857
0.3_0.3,"lr: 0.3, er: 0.3",150000,0,58228,0.3881866666666667
0.3_0.3,"lr: 0.3, er: 0.3",160000,0,62182,0.3886375
0.3_0.3,"lr: 0.3, er: 0.3",170000,1,66092,0.3887764705882353
0.3_0.3,"lr: 0.3, er: 0.3",180000,1,69951,0.38861666666666667
0.3_0.3,"lr: 0.3, er: 0.3",190000,0,73903,0.38896315789473684
0.3_0.3,"lr: 0.3, er: 0.3",200000,0,77835,0.389175
0.3_0.3,"lr: 0.3, er: 0.3",210000,1,81764,0.38935238095238095
0.3_0.3,"lr: 0.3, er: 0.3",220000,0,85762,0.38982727272727274
0.3_0.3,"lr: 0.3, er: 0.3",230000,0,89560,0.3893913043478261
0.3_0.3,"lr: 0.3, er: 0.3",240000,1,93536,0.3897333333333333
0.3_0.3,"lr: 0.3, er: 0.3",250000,0,97524,0.390096
0.3_0.3,"lr: 0.3, er: 0.3",260000,0,101426,0.3901
0.3_0.3,"lr: 0.3, er: 0.3",270000,1,105350,0.3901851851851852
0.3_0.3,"lr: 0.3, er: 0.3",280000,0,109280,0.3902857142857143
0.3_0.3,"lr: 0.3, er: 0.3",290000,0,113178,0.3902689655172414
0.3_0.3,"lr: 0.3, er: 0.3",300000,1,116992,0.38997333333333334
0.3_0.3,"lr: 0.3, er: 0.3",310000,1,120904,0.39001290322580645
0.3_0.3,"lr: 0.3, er: 0.3",320000,1,124861,0.390190625
0.3_0.3,"lr: 0.3, er: 0.3",330000,0,128894,0.39058787878787876
0.3_0.3,"lr: 0.3, er: 0.3",340000,0,132816,0.3906352941176471
0.3_0.3,"lr: 0.3, er: 0.3",350000,0,136698,0.3905657142857143
0.3_0.3,"lr: 0.3, er: 0.3",360000,0,140707,0.39085277777777777
0.3_0.3,"lr: 0.3, er: 0.3",370000,1,144686,0.39104324324324324
0.3_0.3,"lr: 0.3, er: 0.3",380000,0,148697,0.39130789473684213
0.3_0.3,"lr: 0.3, er: 0.3",390000,0,152641,0.3913871794871795
0.3_0.3,"lr: 0.3, er: 0.3",400000,1,156523,0.3913075
0.3_0.3,"lr: 0.3, er: 0.3",410000,1,160545,0.39157317073170733
0.3_0.3,"lr: 0.3, er: 0.3",420000,1,164657,0.3920404761904762
0.3_0.3,"lr: 0.3, er: 0.3",430000,0,168672,0.39226046511627904
0.3_0.3,"lr: 0.3, er: 0.3",440000,1,172676,0.39244545454545454
0.3_0.3,"lr: 0.3, er: 0.3",450000,0,176698,0.39266222222222225
0.3_0.3,"lr: 0.3, er: 0.3",460000,1,180757,0.39295
0.3_0.3,"lr: 0.3, er: 0.3",470000,0,184735,0.3930531914893617
0.3_0.3,"lr: 0.3, er: 0.3",480000,0,188798,0.3933291666666667
0.3_0.3,"lr: 0.3, er: 0.3",490000,0,192805,0.3934795918367347
0.3_0.3,"lr: 0.3, er: 0.3",500000,0,196801,0.393602
0.3_0.3,"lr: 0.3, er: 0.3",510000,0,200947,0.3940137254901961
0.3_0.3,"lr: 0.3, er: 0.3",520000,1,205072,0.39436923076923075
0.3_0.3,"lr: 0.3, er: 0.3",530000,1,209107,0.39454150943396227
0.3_0.3,"lr: 0.3, er: 0.3",540000,0,213179,0.3947759259259259
0.3_0.3,"lr: 0.3, er: 0.3",550000,0,217191,0.3948927272727273
0.3_0.3,"lr: 0.3, er: 0.3",560000,1,221255,0.3950982142857143
0.3_0.3,"lr: 0.3, er: 0.3",570000,0,225388,0.3954175438596491
0.3_0.3,"lr: 0.3, er: 0.3",580000,0,229501,0.3956913793103448
0.3_0.3,"lr: 0.3, er: 0.3",590000,1,233525,0.3958050847457627
0.3_0.3,"lr: 0.3, er: 0.3",600000,0,237628,0.39604666666666666
0.3_0.3,"lr: 0.3, er: 0.3",610000,0,241680,0.39619672131147543
0.3_0.3,"lr: 0.3, er: 0.3",620000,0,245814,0.3964741935483871
0.3_0.3,"lr: 0.3, er: 0.3",630000,0,249870,0.3966190476190476
0.3_0.3,"lr: 0.3, er: 0.3",640000,1,253963,0.3968171875
0.3_0.3,"lr: 0.3, er: 0.3",650000,0,258037,0.39698
0.3_0.3,"lr: 0.3, er: 0.3",660000,0,262158,0.3972090909090909
0.3_0.3,"lr: 0.3, er: 0.3",670000,1,266301,0.3974641791044776
0.3_0.3,"lr: 0.3, er: 0.3",680000,0,270420,0.3976764705882353
0.3_0.3,"lr: 0.3, er: 0.3",690000,1,274636,0.3980231884057971
0.3_0.3,"lr: 0.3, er: 0.3",700000,1,278774,0.39824857142857145
0.3_0.3,"lr: 0.3, er: 0.3",710000,1,282896,0.3984450704225352
0.3_0.3,"lr: 0.3, er: 0.3",720000,0,286950,0.3985416666666667
0.3_0.3,"lr: 0.3, er: 0.3",730000,0,291079,0.3987383561643836
0.3_0.3,"lr: 0.3, er: 0.3",740000,1,295171,0.39887972972972974
0.3_0.3,"lr: 0.3, er: 0.3",750000,0,299346,0.399128
0.3_0.3,"lr: 0.3, er: 0.3",760000,0,303462,0.3992921052631579
0.3_0.3,"lr: 0.3, er: 0.3",770000,0,307510,0.39936363636363637
0.3_0.3,"lr: 0.3, er: 0.3",780000,0,311721,0.3996423076923077
0.3_0.3,"lr: 0.3, er: 0.3",790000,1,315891,0.3998620253164557
0.3_0.3,"lr: 0.3, er: 0.3",800000,1,319982,0.3999775
0.3_0.3,"lr: 0.3, er: 0.3",810000,1,324040,0.4000493827160494
0.3_0.3,"lr: 0.3, er: 0.3",820000,1,328157,0.40019146341463413
0.3_0.3,"lr: 0.3, er: 0.3",830000,0,332179,0.40021566265060243
0.3_0.3,"lr: 0.3, er: 0.3",840000,0,336361,0.4004297619047619
0.3_0.3,"lr: 0.3, er: 0.3",850000,1,340549,0.4006458823529412
0.3_0.3,"lr: 0.3, er: 0.3",860000,0,344625,0.40072674418604654
0.3_0.3,"lr: 0.3, er: 0.3",870000,1,348800,0.4009195402298851
0.3_0.3,"lr: 0.3, er: 0.3",880000,1,353012,0.40115
0.3_0.3,"lr: 0.3, er: 0.3",890000,0,357155,0.4012977528089888
0.3_0.3,"lr: 0.3, er: 0.3",900000,0,361301,0.40144555555555556
0.3_0.3,"lr: 0.3, er: 0.3",910000,0,365392,0.40152967032967035
0.3_0.3,"lr: 0.3, er: 0.3",920000,0,369592,0.40173043478260867
0.3_0.3,"lr: 0.3, er: 0.3",930000,1,373754,0.40188602150537633
0.3_0.3,"lr: 0.3, er: 0.3",940000,1,377926,0.40204893617021276
0.3_0.3,"lr: 0.3, er: 0.3",950000,1,382130,0.4022421052631579
0.3_0.3,"lr: 0.3, er: 0.3",960000,1,386406,0.40250625
0.3_0.3,"lr: 0.3, er: 0.3",970000,0,390618,0.40269896907216496
0.3_0.3,"lr: 0.3, er: 0.3",980000,0,394880,0.4029387755102041
0.3_0.3,"lr: 0.3, er: 0.3",990000,1,399131,0.4031626262626263
0.3_0.3,"lr: 0.3, er: 0.3",1000000,1,403351,0.403351
0.3_0.3,"lr: 0.3, er: 0.3",1010000,1,407683,0.40364653465346534
0.3_0.3,"lr: 0.3, er: 0.3",1013276,1,409077,0.40371724979176454
0.3_0.5,"lr: 0.3, er: 0.5",10000,0,3603,0.3603
0.3_0.5,"lr: 0.3, er: 0.5",20000,1,7215,0.36075
0.3_0.5,"lr: 0.3, er: 0.5",30000,0,10860,0.362
0.3_0.5,"lr: 0.3, er: 0.5",40000,0,14447,0.361175
0.3_0.5,"lr: 0.3, er: 0.5",50000,0,18094,0.36188
0.3_0.5,"lr: 0.3, er: 0.5",60000,1,21792,0.3632
0.3_0.5,"lr: 0.3, er: 0.5",70000,1,25494,0.3642
0.3_0.5,"lr: 0.3, er: 0.5",80000,0,29156,0.36445
0.3_0.5,"lr: 0.3, er: 0.5",90000,0,32848,0.3649777777777778
0.3_0.5,"lr: 0.3, er: 0.5",100000,0,36552,0.36552
0.3_0.5,"lr: 0.3, er: 0.5",110000,0,40239,0.3658090909090909
0.3_0.5,"lr: 0.3, er: 0.5",120000,0,44017,0.36680833333333335
0.3_0.5,"lr: 0.3, er: 0.5",130000,0,47712,0.36701538461538463
0.3_0.5,"lr: 0.3, er: 0.5",140000,1,51515,0.3679642857142857
0.3_0.5,"lr: 0.3, er: 0.5",150000,0,55247,0.3683133333333333
0.3_0.5,"lr: 0.3, er: 0.5",160000,1,58986,0.3686625
0.3_0.5,"lr: 0.3, er: 0.5",170000,0,62741,0.36906470588235296
0.3_0.5,"lr: 0.3, er: 0.5",180000,0,66440,0.3691111111111111
0.3_0.5,"lr: 0.3, er: 0.5",190000,0,70134,0.3691263157894737
0.3_0.5,"lr: 0.3, er: 0.5",200000,0,73831,0.369155
0.3_0.5,"lr: 0.3, er: 0.5",210000,1,77549,0.3692809523809524
0.3_0.5,"lr: 0.3, er: 0.5",220000,0,81218,0.36917272727272726
0.3_0.5,"lr: 0.3, er: 0.5",230000,0,85028,0.3696869565217391
0.3_0.5,"lr: 0.3, er: 0.5",240000,0,88831,0.3701291666666667
0.3_0.5,"lr: 0.3, er: 0.5",250000,0,92637,0.370548
0.3_0.5,"lr: 0.3, er: 0.5",260000,1,96409,0.37080384615384615
0.3_0.5,"lr: 0.3, er: 0.5",270000,0,100153,0.370937037037037
0.3_0.5,"lr: 0.3, er: 0.5",280000,0,103951,0.3712535714285714
0.3_0.5,"lr: 0.3, er: 0.5",290000,0,107738,0.3715103448275862
0.3_0.5,"lr: 0.3, er: 0.5",300000,0,111475,0.3715833333333333
0.3_0.5,"lr: 0.3, er: 0.5",310000,1,115254,0.3717870967741935
0.3_0.5,"lr: 0.3, er: 0.5",320000,0,119113,0.372228125
0.3_0.5,"lr: 0.3, er: 0.5",330000,0,122823,0.3721909090909091
0.3_0.5,"lr: 0.3, er: 0.5",340000,1,126684,0.3726
0.3_0.5,"lr: 0.3, er: 0.5",350000,1,130541,0.3729742857142857
0.3_0.5,"lr: 0.3, er: 0.5",360000,0,134434,0.3734277777777778
0.3_0.5,"lr: 0.3, er: 0.5",370000,1,138227,0.3735864864864865
0.3_0.5,"lr: 0.3, er: 0.5",380000,1,142074,0.37387894736842103
0.3_0.5,"lr: 0.3, er: 0.5",390000,1,145808,0.3738666666666667
0.3_0.5,"lr: 0.3, er: 0.5",400000,0,149644,0.37411
0.3_0.5,"lr: 0.3, er: 0.5",410000,0,153522,0.37444390243902437
0.3_0.5,"lr: 0.3, er: 0.5",420000,0,157424,0.3748190476190476
0.3_0.5,"lr: 0.3, er: 0.5",430000,0,161268,0.3750418604651163
0.3_0.5,"lr: 0.3, er: 0.5",440000,0,165103,0.37523409090909093
0.3_0.5,"lr: 0.3, er: 0.5",450000,1,168951,0.37544666666666665
0.3_0.5,"lr: 0.3, er: 0.5",460000,1,172833,0.37572391304347824
0.3_0.5,"lr: 0.3, er: 0.5",470000,0,176767,0.3761
0.3_0.5,"lr: 0.3, er: 0.5",480000,0,180605,0.37626041666666665
0.3_0.5,"lr: 0.3, er: 0.5",490000,0,184455,0.3764387755102041
0.3_0.5,"lr: 0.3, er: 0.5",500000,1,188337,0.376674
0.3_0.5,"lr: 0.3, er: 0.5",510000,1,192253,0.37696666666666667
0.3_0.5,"lr: 0.3, er: 0.5",520000,0,196175,0.3772596153846154
0.3_0.5,"lr: 0.3, er: 0.5",530000,1,200156,0.37765283018867923
0.3_0.5,"lr: 0.3, er: 0.5",540000,1,204070,0.3779074074074074
0.3_0.5,"lr: 0.3, er: 0.5",550000,1,208033,0.3782418181818182
0.3_0.5,"lr: 0.3, er: 0.5",560000,0,211956,0.37849285714285713
0.3_0.5,"lr: 0.3, er: 0.5",570000,0,215834,0.3786561403508772
0.3_0.5,"lr: 0.3, er: 0.5",580000,1,219877,0.37909827586206896
0.3_0.5,"lr: 0.3, er: 0.5",590000,1,223832,0.3793762711864407
0.3_0.5,"lr: 0.3, er: 0.5",600000,0,227751,0.379585
0.3_0.5,"lr: 0.3, er: 0.5",610000,1,231741,0.3799032786885246
0.3_0.5,"lr: 0.3, er: 0.5",620000,1,235706,0.3801709677419355
0.3_0.5,"lr: 0.3, er: 0.5",630000,0,239572,0.3802730158730159
0.3_0.5,"lr: 0.3, er: 0.5",640000,1,243526,0.380509375
0.3_0.5,"lr: 0.3, er: 0.5",650000,0,247511,0.38078615384615383
0.3_0.5,"lr: 0.3, er: 0.5",660000,0,251516,0.38108484848484847
0.3_0.5,"lr: 0.3, er: 0.5",670000,0,255425,0.3812313432835821
0.3_0.5,"lr: 0.3, er: 0.5",680000,1,259475,0.3815808823529412
0.3_0.5,"lr: 0.3, er: 0.5",690000,1,263563,0.3819753623188406
0.3_0.5,"lr: 0.3, er: 0.5",700000,0,267660,0.3823714285714286
0.3_0.5,"lr: 0.3, er: 0.5",710000,1,271686,0.382656338028169
0.3_0.5,"lr: 0.3, er: 0.5",720000,1,275717,0.3829402777777778
0.3_0.5,"lr: 0.3, er: 0.5",730000,0,279685,0.3831301369863014
0.3_0.5,"lr: 0.3, er: 0.5",740000,1,283661,0.38332567567567566
0.3_0.5,"lr: 0.3, er: 0.5",750000,1,287693,0.3835906666666667
0.3_0.5,"lr: 0.3, er: 0.5",760000,0,291814,0.3839657894736842
0.3_0.5,"lr: 0.3, er: 0.5",770000,0,295851,0.3842220779220779
0.3_0.5,"lr: 0.3, er: 0.5",780000,0,299906,0.3844948717948718
0.3_0.5,"lr: 0.3, er: 0.5",790000,1,303998,0.38480759493670885
0.3_0.5,"lr: 0.3, er: 0.5",800000,0,308036,0.385045
0.3_0.5,"lr: 0.3, er: 0.5",810000,0,312124,0.3853382716049383
0.3_0.5,"lr: 0.3, er: 0.5",820000,1,316195,0.38560365853658535
0.3_0.5,"lr: 0.3, er: 0.5",830000,0,320328,0.38593734939759033
0.3_0.5,"lr: 0.3, er: 0.5",840000,1,324394,0.3861833333333333
0.3_0.5,"lr: 0.3, er: 0.5",850000,0,328535,0.38651176470588233
0.3_0.5,"lr: 0.3, er: 0.5",860000,1,332642,0.38679302325581394
0.3_0.5,"lr: 0.3, er: 0.5",870000,0,336767,0.38708850574712644
0.3_0.5,"lr: 0.3, er: 0.5",880000,0,340908,0.38739545454545454
0.3_0.5,"lr: 0.3, er: 0.5",890000,0,345048,0.3876943820224719
0.3_0.5,"lr: 0.3, er: 0.5",900000,1,349227,0.38803
0.3_0.5,"lr: 0.3, er: 0.5",910000,0,353371,0.3883197802197802
0.3_0.5,"lr: 0.3, er: 0.5",920000,0,357544,0.38863478260869566
0.3_0.5,"lr: 0.3, er: 0.5",930000,1,361736,0.38896344086021506
0.3_0.5,"lr: 0.3, er: 0.5",940000,1,365871,0.38922446808510636
0.3_0.5,"lr: 0.3, er: 0.5",950000,0,370181,0.3896642105263158
0.3_0.5,"lr: 0.3, er: 0.5",960000,0,374402,0.39000208333333336
0.3_0.5,"lr: 0.3, er: 0.5",970000,1,378667,0.39037835051546393
0.3_0.5,"lr: 0.3, er: 0.5",980000,0,382906,0.3907204081632653
0.3_0.5,"lr: 0.3, er: 0.5",990000,0,387188,0.3910989898989899
0.3_0.5,"lr: 0.3, er: 0.5",1000000,0,391425,0.391425
0.3_0.5,"lr: 0.3, er: 0.5",1010000,0,395667,0.39174950495049504
0.3_0.5,"lr: 0.3, er: 0.5",1014832,0,397708,0.3918954073186498
0.3_1,"lr: 0.3, er: 1",10000,0,3140,0.314
0.3_1,"lr: 0.3, er: 1",20000,0,6340,0.317
0.3_1,"lr: 0.3, er: 1",30000,0,9472,0.3157333333333333
0.3_1,"lr: 0.3, er: 1",40000,1,12727,0.318175
0.3_1,"lr: 0.3, er: 1",50000,0,15948,0.31896
0.3_1,"lr: 0.3, er: 1",60000,0,19153,0.31921666666666665
0.3_1,"lr: 0.3, er: 1",70000,1,22453,0.32075714285714285
0.3_1,"lr: 0.3, er: 1",80000,1,25732,0.32165
0.3_1,"lr: 0.3, er: 1",90000,0,29011,0.32234444444444443
0.3_1,"lr: 0.3, er: 1",100000,0,32191,0.32191
0.3_1,"lr: 0.3, er: 1",110000,0,35483,0.3225727272727273
0.3_1,"lr: 0.3, er: 1",120000,0,38820,0.3235
0.3_1,"lr: 0.3, er: 1",130000,0,42107,0.3239
0.3_1,"lr: 0.3, er: 1",140000,0,45358,0.32398571428571427
0.3_1,"lr: 0.3, er: 1",150000,0,48658,0.32438666666666666
0.3_1,"lr: 0.3, er: 1",160000,0,52016,0.3251
0.3_1,"lr: 0.3, er: 1",170000,0,55418,0.32598823529411763
0.3_1,"lr: 0.3, er: 1",180000,0,58726,0.3262555555555556
0.3_1,"lr: 0.3, er: 1",190000,0,62117,0.3269315789473684
0.3_1,"lr: 0.3, er: 1",200000,1,65400,0.327
0.3_1,"lr: 0.3, er: 1",210000,0,68776,0.3275047619047619
0.3_1,"lr: 0.3, er: 1",220000,0,72140,0.32790909090909093
0.3_1,"lr: 0.3, er: 1",230000,1,75459,0.3280826086956522
0.3_1,"lr: 0.3, er: 1",240000,0,78844,0.3285166666666667
0.3_1,"lr: 0.3, er: 1",250000,0,82271,0.329084
0.3_1,"lr: 0.3, er: 1",260000,0,85670,0.3295
0.3_1,"lr: 0.3, er: 1",270000,1,89144,0.33016296296296294
0.3_1,"lr: 0.3, er: 1",280000,0,92610,0.33075
0.3_1,"lr: 0.3, er: 1",290000,0,96018,0.33109655172413793
0.3_1,"lr: 0.3, er: 1",300000,0,99517,0.3317233333333333
0.3_1,"lr: 0.3, er: 1",310000,0,102965,0.33214516129032257
0.3_1,"lr: 0.3, er: 1",320000,0,106457,0.332678125
0.3_1,"lr: 0.3, er: 1",330000,0,109903,0.3330393939393939
0.3_1,"lr: 0.3, er: 1",340000,0,113410,0.33355882352941174
0.3_1,"lr: 0.3, er: 1",350000,0,116940,0.3341142857142857
0.3_1,"lr: 0.3, er: 1",360000,0,120427,0.3345194444444444
0.3_1,"lr: 0.3, er: 1",370000,1,124014,0.335172972972973
0.3_1,"lr: 0.3, er: 1",380000,0,127503,0.33553421052631577
0.3_1,"lr: 0.3, er: 1",390000,0,131062,0.33605641025641025
0.3_1,"lr: 0.3, er: 1",400000,0,134634,0.336585
0.3_1,"lr: 0.3, er: 1",410000,0,138164,0.3369853658536585
0.3_1,"lr: 0.3, er: 1",420000,1,141774,0.33755714285714283
0.3_1,"lr: 0.3, er: 1",430000,0,145412,0.3381674418604651
0.3_1,"lr: 0.3, er: 1",440000,0,148939,0.33849772727272726
0.3_1,"lr: 0.3, er: 1",450000,1,152542,0.33898222222222224
0.3_1,"lr: 0.3, er: 1",460000,0,156074,0.33929130434782606
0.3_1,"lr: 0.3, er: 1",470000,1,159654,0.33968936170212766
0.3_1,"lr: 0.3, er: 1",480000,0,163300,0.34020833333333333
0.3_1,"lr: 0.3, er: 1",490000,0,166948,0.34071020408163266
0.3_1,"lr: 0.3, er: 1",500000,1,170544,0.341088
0.3_1,"lr: 0.3, er: 1",510000,0,174247,0.3416607843137255
0.3_1,"lr: 0.3, er: 1",520000,0,177930,0.3421730769230769
0.3_1,"lr: 0.3, er: 1",530000,0,181655,0.3427452830188679
0.3_1,"lr: 0.3, er: 1",540000,0,185344,0.3432296296296296
0.3_1,"lr: 0.3, er: 1",550000,0,189001,0.34363818181818184
0.3_1,"lr: 0.3, er: 1",560000,0,192714,0.34413214285714283
0.3_1,"lr: 0.3, er: 1",570000,0,196365,0.3445
0.3_1,"lr: 0.3, er: 1",580000,0,200063,0.34493620689655174
0.3_1,"lr: 0.3, er: 1",590000,0,203893,0.3455813559322034
0.3_1,"lr: 0.3, er: 1",600000,0,207607,0.34601166666666666
0.3_1,"lr: 0.3, er: 1",610000,1,211333,0.3464475409836066
0.3_1,"lr: 0.3, er: 1",620000,0,215068,0.3468838709677419
0.3_1,"lr: 0.3, er: 1",630000,0,218839,0.34736349206349204
0.3_1,"lr: 0.3, er: 1",640000,0,222663,0.3479109375
0.3_1,"lr: 0.3, er: 1",650000,0,226460,0.3484
0.3_1,"lr: 0.3, er: 1",660000,0,230276,0.3489030303030303
0.3_1,"lr: 0.3, er: 1",670000,1,234131,0.3494492537313433
0.3_1,"lr: 0.3, er: 1",680000,1,237943,0.34991617647058826
0.3_1,"lr: 0.3, er: 1",690000,0,241833,0.3504826086956522
0.3_1,"lr: 0.3, er: 1",700000,0,245571,0.3508157142857143
0.3_1,"lr: 0.3, er: 1",710000,0,249450,0.3513380281690141
0.3_1,"lr: 0.3, er: 1",720000,0,253248,0.35173333333333334
0.3_1,"lr: 0.3, er: 1",730000,1,257162,0.3522767123287671
0.3_1,"lr: 0.3, er: 1",740000,0,261003,0.3527067567567568
0.3_1,"lr: 0.3, er: 1",750000,1,264927,0.353236
0.3_1,"lr: 0.3, er: 1",760000,1,268913,0.3538328947368421
0.3_1,"lr: 0.3, er: 1",770000,0,272797,0.3542818181818182
0.3_1,"lr: 0.3, er: 1",780000,0,276810,0.3548846153846154
0.3_1,"lr: 0.3, er: 1",790000,0,280784,0.35542278481012657
0.3_1,"lr: 0.3, er: 1",800000,0,284747,0.35593375
0.3_1,"lr: 0.3, er: 1",810000,0,288690,0.3564074074074074
0.3_1,"lr: 0.3, er: 1",820000,0,292651,0.3568914634146341
0.3_1,"lr: 0.3, er: 1",830000,0,296636,0.35739277108433737
0.3_1,"lr: 0.3, er: 1",840000,0,300616,0.35787619047619046
0.3_1,"lr: 0.3, er: 1",850000,0,304628,0.35838588235294117
0.3_1,"lr: 0.3, er: 1",860000,0,308653,0.3588988372093023
0.3_1,"lr: 0.3, er: 1",870000,1,312577,0.359283908045977
0.3_1,"lr: 0.3, er: 1",880000,0,316619,0.3597943181818182
0.3_1,"lr: 0.3, er: 1",890000,1,320619,0.36024606741573034
0.3_1,"lr: 0.3, er: 1",900000,0,324592,0.3606577777777778
0.3_1,"lr: 0.3, er: 1",910000,0,328664,0.36116923076923074
0.3_1,"lr: 0.3, er: 1",920000,0,332831,0.36177282608695654
0.3_1,"lr: 0.3, er: 1",930000,0,336893,0.3622505376344086
0.3_1,"lr: 0.3, er: 1",940000,0,341003,0.36276914893617024
0.3_1,"lr: 0.3, er: 1",950000,1,345099,0.3632621052631579
0.3_1,"lr: 0.3, er: 1",960000,0,349269,0.363821875
0.3_1,"lr: 0.3, er: 1",970000,1,353415,0.3643453608247423
0.3_1,"lr: 0.3, er: 1",980000,1,357601,0.36489897959183676
0.3_1,"lr: 0.3, er: 1",990000,1,361773,0.3654272727272727
0.3_1,"lr: 0.3, er: 1",1000000,0,365962,0.365962
0.3_1,"lr: 0.3, er: 1",1010000,0,370102,0.36643762376237626
0.3_1,"lr: 0.3, er: 1",1017903,0,373448,0.3668797518034626
0.5_0.3,"lr: 0.5, er: 0.3",10000,0,3763,0.3763
0.5_0.3,"lr: 0.5, er: 0.3",20000,1,7556,0.3778
0.5_0.3,"lr: 0.5, er: 0.3",30000,1,11399,0.3799666666666667
0.5_0.3,"lr: 0.5, er: 0.3",40000,0,15114,0.37785
0.5_0.3,"lr: 0.5, er: 0.3",50000,0,18899,0.37798
0.5_0.3,"lr: 0.5, er: 0.3",60000,1,22820,0.38033333333333336
0.5_0.3,"lr: 0.5, er: 0.3",70000,1,26639,0.38055714285714287
0.5_0.3,"lr: 0.5, er: 0.3",80000,0,30507,0.3813375
0.5_0.3,"lr: 0.5, er: 0.3",90000,0,34324,0.38137777777777776
0.5_0.3,"lr: 0.5, er: 0.3",100000,1,38117,0.38117
0.5_0.3,"lr: 0.5, er: 0.3",110000,0,41978,0.3816181818181818
0.5_0.3,"lr: 0.5, er: 0.3",120000,0,45767,0.3813916666666667
0.5_0.3,"lr: 0.5, er: 0.3",130000,1,49638,0.38183076923076925
0.5_0.3,"lr: 0.5, er: 0.3",140000,0,53451,0.38179285714285716
0.5_0.3,"lr: 0.5, er: 0.3",150000,0,57326,0.3821733333333333
0.5_0.3,"lr: 0.5, er: 0.3",160000,0,61335,0.38334375
0.5_0.3,"lr: 0.5, er: 0.3",170000,0,65210,0.3835882352941177
0.5_0.3,"lr: 0.5, er: 0.3",180000,1,69021,0.38345
0.5_0.3,"lr: 0.5, er: 0.3",190000,0,72980,0.3841052631578947
0.5_0.3,"lr: 0.5, er: 0.3",200000,0,76807,0.384035
0.5_0.3,"lr: 0.5, er: 0.3",210000,0,80615,0.3838809523809524
0.5_0.3,"lr: 0.5, er: 0.3",220000,0,84516,0.3841636363636364
0.5_0.3,"lr: 0.5, er: 0.3",230000,0,88443,0.38453478260869567
0.5_0.3,"lr: 0.5, er: 0.3",240000,0,92316,0.38465
0.5_0.3,"lr: 0.5, er: 0.3",250000,0,96226,0.384904
0.5_0.3,"lr: 0.5, er: 0.3",260000,1,100041,0.38477307692307694
0.5_0.3,"lr: 0.5, er: 0.3",270000,1,103900,0.38481481481481483
0.5_0.3,"lr: 0.5, er: 0.3",280000,1,107850,0.3851785714285714
0.5_0.3,"lr: 0.5, er: 0.3",290000,0,111877,0.38578275862068967
0.5_0.3,"lr: 0.5, er: 0.3",300000,1,115824,0.38608
0.5_0.3,"lr: 0.5, er: 0.3",310000,0,119722,0.3862
0.5_0.3,"lr: 0.5, er: 0.3",320000,1,123609,0.386278125
0.5_0.3,"lr: 0.5, er: 0.3",330000,1,127555,0.38653030303030306
0.5_0.3,"lr: 0.5, er: 0.3",340000,1,131395,0.38645588235294115
0.5_0.3,"lr: 0.5, er: 0.3",350000,1,135384,0.3868114285714286
0.5_0.3,"lr: 0.5, er: 0.3",360000,0,139330,0.3870277777777778
0.5_0.3,"lr: 0.5, er: 0.3",370000,1,143271,0.3872189189189189
0.5_0.3,"lr: 0.5, er: 0.3",380000,0,147304,0.3876421052631579
0.5_0.3,"lr: 0.5, er: 0.3",390000,1,151258,0.3878410256410256
0.5_0.3,"lr: 0.5, er: 0.3",400000,1,155246,0.388115
0.5_0.3,"lr: 0.5, er: 0.3",410000,1,159256,0.3884292682926829
0.5_0.3,"lr: 0.5, er: 0.3",420000,0,163179,0.3885214285714286
0.5_0.3,"lr: 0.5, er: 0.3",430000,0,167179,0.38878837209302325
0.5_0.3,"lr: 0.5, er: 0.3",440000,0,171189,0.3890659090909091
0.5_0.3,"lr: 0.5, er: 0.3",450000,0,175143,0.38920666666666665
0.5_0.3,"lr: 0.5, er: 0.3",460000,1,179174,0.3895086956521739
0.5_0.3,"lr: 0.5, er: 0.3",470000,0,183135,0.3896489361702128
0.5_0.3,"lr: 0.5, er: 0.3",480000,0,187210,0.3900208333333333
0.5_0.3,"lr: 0.5, er: 0.3",490000,0,191174,0.39015102040816324
0.5_0.3,"lr: 0.5, er: 0.3",500000,0,195199,0.390398
0.5_0.3,"lr: 0.5, er: 0.3",510000,0,199236,0.3906588235294118
0.5_0.3,"lr: 0.5, er: 0.3",520000,1,203320,0.391
0.5_0.3,"lr: 0.5, er: 0.3",530000,0,207198,0.39093962264150944
0.5_0.3,"lr: 0.5, er: 0.3",540000,0,211128,0.39097777777777776
0.5_0.3,"lr: 0.5, er: 0.3",550000,0,215220,0.3913090909090909
0.5_0.3,"lr: 0.5, er: 0.3",560000,0,219197,0.3914232142857143
0.5_0.3,"lr: 0.5, er: 0.3",570000,0,223248,0.3916631578947368
0.5_0.3,"lr: 0.5, er: 0.3",580000,1,227241,0.3917948275862069
0.5_0.3,"lr: 0.5, er: 0.3",590000,0,231195,0.3918559322033898
0.5_0.3,"lr: 0.5, er: 0.3",600000,0,235245,0.392075
0.5_0.3,"lr: 0.5, er: 0.3",610000,0,239287,0.3922737704918033
0.5_0.3,"lr: 0.5, er: 0.3",620000,0,243373,0.3925370967741936
0.5_0.3,"lr: 0.5, er: 0.3",630000,0,247478,0.39282222222222224
0.5_0.3,"lr: 0.5, er: 0.3",640000,0,251523,0.3930046875
0.5_0.3,"lr: 0.5, er: 0.3",650000,0,255523,0.3931123076923077
0.5_0.3,"lr: 0.5, er: 0.3",660000,1,259572,0.3932909090909091
0.5_0.3,"lr: 0.5, er: 0.3",670000,1,263671,0.39353880597014923
0.5_0.3,"lr: 0.5, er: 0.3",680000,0,267668,0.3936294117647059
0.5_0.3,"lr: 0.5, er: 0.3",690000,1,271761,0.39385652173913044
0.5_0.3,"lr: 0.5, er: 0.3",700000,0,275954,0.39422
0.5_0.3,"lr: 0.5, er: 0.3",710000,0,280132,0.39455211267605633
0.5_0.3,"lr: 0.5, er: 0.3",720000,0,284200,0.3947222222222222
0.5_0.3,"lr: 0.5, er: 0.3",730000,1,288256,0.39487123287671233
0.5_0.3,"lr: 0.5, er: 0.3",740000,0,292252,0.3949351351351351
0.5_0.3,"lr: 0.5, er: 0.3",750000,1,296413,0.3952173333333333
0.5_0.3,"lr: 0.5, er: 0.3",760000,1,300549,0.3954592105263158
0.5_0.3,"lr: 0.5, er: 0.3",770000,0,304706,0.3957220779220779
0.5_0.3,"lr: 0.5, er: 0.3",780000,1,308829,0.3959346153846154
0.5_0.3,"lr: 0.5, er: 0.3",790000,0,312950,0.3961392405063291
0.5_0.3,"lr: 0.5, er: 0.3",800000,0,317083,0.39635375
0.5_0.3,"lr: 0.5, er: 0.3",810000,1,321207,0.3965518518518519
0.5_0.3,"lr: 0.5, er: 0.3",820000,0,325322,0.3967341463414634
0.5_0.3,"lr: 0.5, er: 0.3",830000,1,329448,0.3969253012048193
0.5_0.3,"lr: 0.5, er: 0.3",840000,0,333608,0.397152380952381
0.5_0.3,"lr: 0.5, er: 0.3",850000,1,337726,0.39732470588235297
0.5_0.3,"lr: 0.5, er: 0.3",860000,1,341917,0.39757790697674417
0.5_0.3,"lr: 0.5, er: 0.3",870000,0,346090,0.3978045977011494
0.5_0.3,"lr: 0.5, er: 0.3",880000,1,350224,0.39798181818181816
0.5_0.3,"lr: 0.5, er: 0.3",890000,0,354366,0.39816404494382024
0.5_0.3,"lr: 0.5, er: 0.3",900000,0,358454,0.3982822222222222
0.5_0.3,"lr: 0.5, er: 0.3",910000,0,362677,0.39854615384615383
0.5_0.3,"lr: 0.5, er: 0.3",920000,0,366799,0.39869456521739133
0.5_0.3,"lr: 0.5, er: 0.3",930000,1,370960,0.3988817204301075
0.5_0.3,"lr: 0.5, er: 0.3",940000,0,375067,0.39900744680851064
0.5_0.3,"lr: 0.5, er: 0.3",950000,0,379295,0.3992578947368421
0.5_0.3,"lr: 0.5, er: 0.3",960000,0,383543,0.3995239583333333
0.5_0.3,"lr: 0.5, er: 0.3",970000,1,387791,0.3997845360824742
0.5_0.3,"lr: 0.5, er: 0.3",980000,1,392032,0.4000326530612245
0.5_0.3,"lr: 0.5, er: 0.3",990000,1,396263,0.40026565656565655
0.5_0.3,"lr: 0.5, er: 0.3",1000000,0,400528,0.400528
0.5_0.3,"lr: 0.5, er: 0.3",1010000,1,404732,0.4007247524752475
0.5_0.3,"lr: 0.5, er: 0.3",1012360,0,405783,0.4008287565688095
0.5_0.5,"lr: 0.5, er: 0.5",10000,1,3537,0.3537
0.5_0.5,"lr: 0.5, er: 0.5",20000,1,7115,0.35575
0.5_0.5,"lr: 0.5, er: 0.5",30000,0,10822,0.36073333333333335
0.5_0.5,"lr: 0.5, er: 0.5",40000,0,14491,0.362275
0.5_0.5,"lr: 0.5, er: 0.5",50000,0,18148,0.36296
0.5_0.5,"lr: 0.5, er: 0.5",60000,0,21830,0.36383333333333334
0.5_0.5,"lr: 0.5, er: 0.5",70000,0,25495,0.3642142857142857
0.5_0.5,"lr: 0.5, er: 0.5",80000,0,29201,0.3650125
0.5_0.5,"lr: 0.5, er: 0.5",90000,0,32920,0.36577777777777776
0.5_0.5,"lr: 0.5, er: 0.5",100000,1,36594,0.36594
0.5_0.5,"lr: 0.5, er: 0.5",110000,0,40256,0.3659636363636364
0.5_0.5,"lr: 0.5, er: 0.5",120000,0,43974,0.36645
0.5_0.5,"lr: 0.5, er: 0.5",130000,1,47717,0.3670538461538462
0.5_0.5,"lr: 0.5, er: 0.5",140000,1,51439,0.36742142857142857
0.5_0.5,"lr: 0.5, er: 0.5",150000,0,55176,0.36784
0.5_0.5,"lr: 0.5, er: 0.5",160000,1,58954,0.3684625
0.5_0.5,"lr: 0.5, er: 0.5",170000,0,62661,0.36859411764705885
0.5_0.5,"lr: 0.5, er: 0.5",180000,1,66446,0.36914444444444444
0.5_0.5,"lr: 0.5, er: 0.5",190000,0,70158,0.3692526315789474
0.5_0.5,"lr: 0.5, er: 0.5",200000,0,73734,0.36867
0.5_0.5,"lr: 0.5, er: 0.5",210000,0,77440,0.36876190476190474
0.5_0.5,"lr: 0.5, er: 0.5",220000,0,81187,0.3690318181818182
0.5_0.5,"lr: 0.5, er: 0.5",230000,1,84898,0.3691217391304348
0.5_0.5,"lr: 0.5, er: 0.5",240000,0,88660,0.36941666666666667
0.5_0.5,"lr: 0.5, er: 0.5",250000,0,92369,0.369476
0.5_0.5,"lr: 0.5, er: 0.5",260000,0,96079,0.3695346153846154
0.5_0.5,"lr: 0.5, er: 0.5",270000,0,99852,0.3698222222222222
0.5_0.5,"lr: 0.5, er: 0.5",280000,0,103594,0.36997857142857143
0.5_0.5,"lr: 0.5, er: 0.5",290000,1,107370,0.37024137931034484
0.5_0.5,"lr: 0.5, er: 0.5",300000,1,111165,0.37055
0.5_0.5,"lr: 0.5, er: 0.5",310000,1,114985,0.3709193548387097
0.5_0.5,"lr: 0.5, er: 0.5",320000,1,118874,0.37148125
0.5_0.5,"lr: 0.5, er: 0.5",330000,1,122689,0.3717848484848485
0.5_0.5,"lr: 0.5, er: 0.5",340000,0,126504,0.3720705882352941
0.5_0.5,"lr: 0.5, er: 0.5",350000,0,130324,0.3723542857142857
0.5_0.5,"lr: 0.5, er: 0.5",360000,0,134225,0.3728472222222222
0.5_0.5,"lr: 0.5, er: 0.5",370000,0,137964,0.3728756756756757
0.5_0.5,"lr: 0.5, er: 0.5",380000,0,141733,0.37298157894736844
0.5_0.5,"lr: 0.5, er: 0.5",390000,0,145553,0.3732128205128205
0.5_0.5,"lr: 0.5, er: 0.5",400000,0,149394,0.373485
0.5_0.5,"lr: 0.5, er: 0.5",410000,1,153178,0.3736048780487805
0.5_0.5,"lr: 0.5, er: 0.5",420000,1,157007,0.3738261904761905
0.5_0.5,"lr: 0.5, er: 0.5",430000,0,160858,0.37408837209302326
0.5_0.5,"lr: 0.5, er: 0.5",440000,0,164838,0.3746318181818182
0.5_0.5,"lr: 0.5, er: 0.5",450000,0,168672,0.37482666666666664
0.5_0.5,"lr: 0.5, er: 0.5",460000,0,172489,0.37497608695652174
0.5_0.5,"lr: 0.5, er: 0.5",470000,1,176397,0.3753127659574468
0.5_0.5,"lr: 0.5, er: 0.5",480000,1,180287,0.37559791666666664
0.5_0.5,"lr: 0.5, er: 0.5",490000,1,184139,0.3757938775510204
0.5_0.5,"lr: 0.5, er: 0.5",500000,0,187932,0.375864
0.5_0.5,"lr: 0.5, er: 0.5",510000,1,191740,0.3759607843137255
0.5_0.5,"lr: 0.5, er: 0.5",520000,1,195579,0.37611346153846154
0.5_0.5,"lr: 0.5, er: 0.5",530000,0,199398,0.37622264150943396
0.5_0.5,"lr: 0.5, er: 0.5",540000,1,203280,0.37644444444444447
0.5_0.5,"lr: 0.5, er: 0.5",550000,0,207162,0.37665818181818184
0.5_0.5,"lr: 0.5, er: 0.5",560000,0,211107,0.3769767857142857
0.5_0.5,"lr: 0.5, er: 0.5",570000,1,215074,0.37732280701754384
0.5_0.5,"lr: 0.5, er: 0.5",580000,0,218878,0.3773758620689655
0.5_0.5,"lr: 0.5, er: 0.5",590000,1,222840,0.37769491525423726
0.5_0.5,"lr: 0.5, er: 0.5",600000,0,226776,0.37796
0.5_0.5,"lr: 0.5, er: 0.5",610000,0,230650,0.37811475409836065
0.5_0.5,"lr: 0.5, er: 0.5",620000,1,234653,0.3784725806451613
0.5_0.5,"lr: 0.5, er: 0.5",630000,0,238596,0.3787238095238095
0.5_0.5,"lr: 0.5, er: 0.5",640000,0,242461,0.3788453125
0.5_0.5,"lr: 0.5, er: 0.5",650000,0,246531,0.37927846153846156
0.5_0.5,"lr: 0.5, er: 0.5",660000,1,250450,0.37946969696969696
0.5_0.5,"lr: 0.5, er: 0.5",670000,0,254411,0.3797179104477612
0.5_0.5,"lr: 0.5, er: 0.5",680000,1,258408,0.3800117647058823
0.5_0.5,"lr: 0.5, er: 0.5",690000,0,262412,0.38030724637681157
0.5_0.5,"lr: 0.5, er: 0.5",700000,1,266353,0.38050428571428574
0.5_0.5,"lr: 0.5, er: 0.5",710000,1,270454,0.3809211267605634
0.5_0.5,"lr: 0.5, er: 0.5",720000,1,274528,0.3812888888888889
0.5_0.5,"lr: 0.5, er: 0.5",730000,0,278580,0.3816164383561644
0.5_0.5,"lr: 0.5, er: 0.5",740000,0,282657,0.38196891891891893
0.5_0.5,"lr: 0.5, er: 0.5",750000,1,286703,0.38227066666666665
0.5_0.5,"lr: 0.5, er: 0.5",760000,1,290730,0.38253947368421054
0.5_0.5,"lr: 0.5, er: 0.5",770000,0,294725,0.38275974025974024
0.5_0.5,"lr: 0.5, er: 0.5",780000,0,298808,0.38308717948717946
0.5_0.5,"lr: 0.5, er: 0.5",790000,0,302889,0.38340379746835446
0.5_0.5,"lr: 0.5, er: 0.5",800000,1,307097,0.38387125
0.5_0.5,"lr: 0.5, er: 0.5",810000,1,311149,0.38413456790123457
0.5_0.5,"lr: 0.5, er: 0.5",820000,0,315282,0.384490243902439
0.5_0.5,"lr: 0.5, er: 0.5",830000,0,319434,0.3848602409638554
0.5_0.5,"lr: 0.5, er: 0.5",840000,0,323485,0.38510119047619046
0.5_0.5,"lr: 0.5, er: 0.5",850000,0,327662,0.38548470588235295
0.5_0.5,"lr: 0.5, er: 0.5",860000,1,331814,0.38583023255813953
0.5_0.5,"lr: 0.5, er: 0.5",870000,0,335911,0.3861045977011494
0.5_0.5,"lr: 0.5, er: 0.5",880000,1,339992,0.38635454545454545
0.5_0.5,"lr: 0.5, er: 0.5",890000,0,344059,0.38658314606741573
0.5_0.5,"lr: 0.5, er: 0.5",900000,1,348093,0.38677
0.5_0.5,"lr: 0.5, er: 0.5",910000,1,352319,0.3871637362637363
0.5_0.5,"lr: 0.5, er: 0.5",920000,1,356407,0.3873989130434783
0.5_0.5,"lr: 0.5, er: 0.5",930000,0,360557,0.38769569892473116
0.5_0.5,"lr: 0.5, er: 0.5",940000,0,364717,0.3879968085106383
0.5_0.5,"lr: 0.5, er: 0.5",950000,0,368852,0.3882652631578947
0.5_0.5,"lr: 0.5, er: 0.5",960000,1,373059,0.388603125
0.5_0.5,"lr: 0.5, er: 0.5",970000,1,377178,0.38884329896907216
0.5_0.5,"lr: 0.5, er: 0.5",980000,0,381468,0.38925306122448977
0.5_0.5,"lr: 0.5, er: 0.5",990000,1,385676,0.3895717171717172
0.5_0.5,"lr: 0.5, er: 0.5",1000000,0,389863,0.389863
0.5_0.5,"lr: 0.5, er: 0.5",1010000,1,394049,0.39014752475247527
0.5_0.5,"lr: 0.5, er: 0.5",1014510,1,395963,0.3902997506185252
0.5_1,"lr: 0.5, er: 1",10000,0,3259,0.3259
0.5_1,"lr: 0.5, er: 1",20000,0,6448,0.3224
0.5_1,"lr: 0.5, er: 1",30000,1,9733,0.32443333333333335
0.5_1,"lr: 0.5, er: 1",40000,0,12980,0.3245
0.5_1,"lr: 0.5, er: 1",50000,0,16217,0.32434
0.5_1,"lr: 0.5, er: 1",60000,0,19389,0.32315
0.5_1,"lr: 0.5, er: 1",70000,1,22632,0.3233142857142857
0.5_1,"lr: 0.5, er: 1",80000,1,25825,0.3228125
0.5_1,"lr: 0.5, er: 1",90000,0,29052,0.3228
0.5_1,"lr: 0.5, er: 1",100000,1,32380,0.3238
0.5_1,"lr: 0.5, er: 1",110000,1,35707,0.3246090909090909
0.5_1,"lr: 0.5, er: 1",120000,0,39037,0.3253083333333333
0.5_1,"lr: 0.5, er: 1",130000,1,42309,0.32545384615384615
0.5_1,"lr: 0.5, er: 1",140000,0,45588,0.32562857142857143
0.5_1,"lr: 0.5, er: 1",150000,0,48898,0.32598666666666665
0.5_1,"lr: 0.5, er: 1",160000,0,52280,0.32675
0.5_1,"lr: 0.5, er: 1",170000,0,55612,0.3271294117647059
0.5_1,"lr: 0.5, er: 1",180000,0,58897,0.3272055555555556
0.5_1,"lr: 0.5, er: 1",190000,0,62310,0.32794736842105265
0.5_1,"lr: 0.5, er: 1",200000,0,65668,0.32834
0.5_1,"lr: 0.5, er: 1",210000,1,69073,0.3289190476190476
0.5_1,"lr: 0.5, er: 1",220000,0,72384,0.3290181818181818
0.5_1,"lr: 0.5, er: 1",230000,1,75790,0.3295217391304348
0.5_1,"lr: 0.5, er: 1",240000,0,79177,0.32990416666666667
0.5_1,"lr: 0.5, er: 1",250000,1,82490,0.32996
0.5_1,"lr: 0.5, er: 1",260000,1,85906,0.3304076923076923
0.5_1,"lr: 0.5, er: 1",270000,1,89401,0.3311148148148148
0.5_1,"lr: 0.5, er: 1",280000,0,92786,0.3313785714285714
0.5_1,"lr: 0.5, er: 1",290000,1,96360,0.33227586206896553
0.5_1,"lr: 0.5, er: 1",300000,0,99795,0.33265
0.5_1,"lr: 0.5, er: 1",310000,1,103163,0.3327838709677419
0.5_1,"lr: 0.5, er: 1",320000,0,106527,0.332896875
0.5_1,"lr: 0.5, er: 1",330000,1,110039,0.33345151515151517
0.5_1,"lr: 0.5, er: 1",340000,0,113577,0.33405
0.5_1,"lr: 0.5, er: 1",350000,1,117109,0.33459714285714287
0.5_1,"lr: 0.5, er: 1",360000,1,120530,0.3348055555555556
0.5_1,"lr: 0.5, er: 1",370000,1,123997,0.335127027027027
0.5_1,"lr: 0.5, er: 1",380000,0,127480,0.3354736842105263
0.5_1,"lr: 0.5, er: 1",390000,0,131026,0.3359641025641026
0.5_1,"lr: 0.5, er: 1",400000,0,134454,0.336135
0.5_1,"lr: 0.5, er: 1",410000,1,137987,0.33655365853658537
0.5_1,"lr: 0.5, er: 1",420000,0,141596,0.33713333333333334
0.5_1,"lr: 0.5, er: 1",430000,0,145170,0.3376046511627907
0.5_1,"lr: 0.5, er: 1",440000,0,148737,0.33803863636363635
0.5_1,"lr: 0.5, er: 1",450000,0,152236,0.3383022222222222
0.5_1,"lr: 0.5, er: 1",460000,0,155730,0.33854347826086956
0.5_1,"lr: 0.5, er: 1",470000,1,159223,0.3387723404255319
0.5_1,"lr: 0.5, er: 1",480000,0,162816,0.3392
0.5_1,"lr: 0.5, er: 1",490000,0,166438,0.339669387755102
0.5_1,"lr: 0.5, er: 1",500000,1,169970,0.33994
0.5_1,"lr: 0.5, er: 1",510000,1,173567,0.34032745098039213
0.5_1,"lr: 0.5, er: 1",520000,0,177185,0.34074038461538464
0.5_1,"lr: 0.5, er: 1",530000,0,180740,0.3410188679245283
0.5_1,"lr: 0.5, er: 1",540000,0,184364,0.34141481481481484
0.5_1,"lr: 0.5, er: 1",550000,0,187998,0.3418145454545455
0.5_1,"lr: 0.5, er: 1",560000,1,191657,0.34224464285714284
0.5_1,"lr: 0.5, er: 1",570000,0,195263,0.3425666666666667
0.5_1,"lr: 0.5, er: 1",580000,1,198855,0.34285344827586206
0.5_1,"lr: 0.5, er: 1",590000,0,202586,0.34336610169491527
0.5_1,"lr: 0.5, er: 1",600000,1,206293,0.3438216666666667
0.5_1,"lr: 0.5, er: 1",610000,0,209975,0.34422131147540985
0.5_1,"lr: 0.5, er: 1",620000,1,213738,0.3447387096774194
0.5_1,"lr: 0.5, er: 1",630000,0,217542,0.3453047619047619
0.5_1,"lr: 0.5, er: 1",640000,0,221308,0.34579375
0.5_1,"lr: 0.5, er: 1",650000,0,225053,0.3462353846153846
0.5_1,"lr: 0.5, er: 1",660000,1,228826,0.34670606060606063
0.5_1,"lr: 0.5, er: 1",670000,0,232602,0.3471671641791045
0.5_1,"lr: 0.5, er: 1",680000,1,236253,0.3474308823529412
0.5_1,"lr: 0.5, er: 1",690000,1,240108,0.3479826086956522
0.5_1,"lr: 0.5, er: 1",700000,0,243836,0.34833714285714285
0.5_1,"lr: 0.5, er: 1",710000,0,247680,0.3488450704225352
0.5_1,"lr: 0.5, er: 1",720000,0,251572,0.3494055555555556
0.5_1,"lr: 0.5, er: 1",730000,0,255458,0.34994246575342464
0.5_1,"lr: 0.5, er: 1",740000,0,259318,0.35042972972972974
0.5_1,"lr: 0.5, er: 1",750000,0,263200,0.3509333333333333
0.5_1,"lr: 0.5, er: 1",760000,0,266991,0.3513039473684211
0.5_1,"lr: 0.5, er: 1",770000,0,270875,0.3517857142857143
0.5_1,"lr: 0.5, er: 1",780000,0,274840,0.35235897435897434
0.5_1,"lr: 0.5, er: 1",790000,0,278704,0.3527898734177215
0.5_1,"lr: 0.5, er: 1",800000,0,282591,0.35323875
0.5_1,"lr: 0.5, er: 1",810000,0,286465,0.35366049382716047
0.5_1,"lr: 0.5, er: 1",820000,0,290348,0.3540829268292683
0.5_1,"lr: 0.5, er: 1",830000,1,294343,0.3546301204819277
0.5_1,"lr: 0.5, er: 1",840000,0,298241,0.3550488095238095
0.5_1,"lr: 0.5, er: 1",850000,0,302273,0.3556152941176471
0.5_1,"lr: 0.5, er: 1",860000,1,306209,0.35605697674418607
0.5_1,"lr: 0.5, er: 1",870000,1,310272,0.3566344827586207
0.5_1,"lr: 0.5, er: 1",880000,1,314319,0.3571806818181818
0.5_1,"lr: 0.5, er: 1",890000,0,318315,0.3576573033707865
0.5_1,"lr: 0.5, er: 1",900000,0,322386,0.3582066666666667
0.5_1,"lr: 0.5, er: 1",910000,0,326403,0.3586846153846154
0.5_1,"lr: 0.5, er: 1",920000,0,330446,0.3591804347826087
0.5_1,"lr: 0.5, er: 1",930000,1,334458,0.35963225806451615
0.5_1,"lr: 0.5, er: 1",940000,0,338596,0.3602085106382979
0.5_1,"lr: 0.5, er: 1",950000,0,342631,0.3606642105263158
0.5_1,"lr: 0.5, er: 1",960000,1,346779,0.361228125
0.5_1,"lr: 0.5, er: 1",970000,1,350794,0.36164329896907216
0.5_1,"lr: 0.5, er: 1",980000,1,354947,0.3621908163265306
0.5_1,"lr: 0.5, er: 1",990000,0,359108,0.3627353535353535
0.5_1,"lr: 0.5, er: 1",1000000,1,363227,0.363227
0.5_1,"lr: 0.5, er: 1",1010000,1,367383,0.36374554455445546
0.5_1,"lr: 0.5, er: 1",1018514,0,370921,0.36417859744686865
random,random,10000,0,3075,0.3075
random,random,20000,1,6295,0.31475
random,random,30000,1,9415,0.31383333333333335
random,random,40000,0,12623,0.315575
random,random,50000,0,15774,0.31548
random,random,60000,1,18879,0.31465
random,random,70000,1,22070,0.3152857142857143
random,random,80000,1,25216,0.3152
random,random,90000,1,28397,0.3155222222222222
random,random,100000,0,31552,0.31552
random,random,110000,1,34733,0.31575454545454545
random,random,120000,1,38034,0.31695
random,random,130000,0,41190,0.31684615384615383
random,random,140000,1,44310,0.3165
random,random,150000,1,47451,0.31634
random,random,160000,1,50584,0.31615
random,random,170000,0,53749,0.3161705882352941
random,random,180000,1,56887,0.31603888888888887
random,random,190000,0,60074,0.31617894736842106
random,random,200000,1,63268,0.31634
random,random,210000,0,66510,0.3167142857142857
random,random,220000,0,69635,0.3165227272727273
random,random,230000,0,72767,0.3163782608695652
random,random,240000,0,75899,0.31624583333333334
random,random,250000,0,79000,0.316
random,random,260000,0,82102,0.31577692307692307
random,random,270000,0,85296,0.3159111111111111
random,random,280000,0,88401,0.31571785714285716
random,random,290000,1,91456,0.3153655172413793
random,random,300000,1,94671,0.31557
random,random,310000,0,97912,0.3158451612903226
random,random,320000,0,101144,0.316075
random,random,330000,1,104304,0.3160727272727273
random,random,340000,0,107461,0.3160617647058824
random,random,350000,0,110545,0.31584285714285715
random,random,360000,0,113668,0.31574444444444444
random,random,370000,1,116821,0.31573243243243243
random,random,380000,0,119990,0.31576315789473686
random,random,390000,1,123192,0.31587692307692306
random,random,400000,1,126334,0.315835
random,random,410000,0,129503,0.3158609756097561
random,random,420000,0,132744,0.31605714285714287
random,random,430000,0,135905,0.3160581395348837
random,random,440000,1,139017,0.3159477272727273
random,random,450000,0,142124,0.3158311111111111
random,random,460000,0,145283,0.31583260869565216
random,random,470000,0,148498,0.3159531914893617
random,random,480000,0,151664,0.3159666666666667
random,random,490000,0,154797,0.31591224489795916
random,random,500000,1,157975,0.31595
random,random,510000,0,161153,0.31598627450980393
random,random,520000,0,164304,0.3159692307692308
random,random,530000,1,167471,0.3159830188679245
random,random,540000,0,170648,0.3160148148148148
random,random,550000,0,173817,0.3160309090909091
random,random,560000,0,176975,0.3160267857142857
random,random,570000,0,180209,0.3161561403508772
random,random,580000,1,183423,0.31624655172413796
random,random,590000,0,186535,0.31616101694915255
random,random,600000,0,189682,0.3161366666666667
random,random,610000,0,192862,0.3161672131147541
random,random,620000,0,195966,0.3160741935483871
random,random,630000,1,199095,0.31602380952380954
random,random,640000,0,202307,0.3161046875
random,random,650000,0,205492,0.3161415384615385
random,random,660000,0,208651,0.3161378787878788
random,random,670000,0,211794,0.316110447761194
random,random,680000,0,214981,0.3161485294117647
random,random,690000,0,218141,0.3161463768115942
random,random,700000,0,221214,0.31602
random,random,710000,0,224336,0.3159661971830986
random,random,720000,0,227627,0.3161486111111111
random,random,730000,1,230790,0.31615068493150683
random,random,740000,0,233946,0.3161432432432432
random,random,750000,1,237098,0.31613066666666667
random,random,760000,0,240253,0.3161223684210526
random,random,770000,0,243366,0.31605974025974026
random,random,780000,0,246541,0.3160782051282051
random,random,790000,0,249734,0.31611898734177213
random,random,800000,0,252965,0.31620625
random,random,810000,0,256099,0.3161716049382716
random,random,820000,0,259194,0.316090243902439
random,random,830000,1,262382,0.31612289156626505
random,random,840000,1,265587,0.316175
random,random,850000,0,268692,0.31610823529411763
random,random,860000,0,271836,0.31608837209302326
random,random,870000,0,275054,0.31615402298850576
random,random,880000,1,278202,0.31613863636363637
random,random,890000,1,281382,0.31615955056179773
random,random,900000,0,284571,0.31619
random,random,910000,0,287683,0.31613516483516485
random,random,920000,0,290831,0.31612065217391305
random,random,930000,0,293981,0.31610860215053765
random,random,940000,0,297198,0.316168085106383
random,random,950000,0,300312,0.3161178947368421
random,random,960000,0,303495,0.316140625
random,random,970000,0,306702,0.3161876288659794
random,random,980000,1,309826,0.31614897959183674
random,random,990000,0,312944,0.3161050505050505
random,random,1000000,1,316083,0.316083
random,random,1010000,0,319293,0.31613168316831686
random,random,1020000,0,322481,0.3161578431372549
random,random,1023713,0,323689,0.3161911590455528
