0,2,1,True,10,1000000,Split,690537.332
1,2,1,True,50,1000000,Split,939378.658
2,2,1,True,100,1000000,Split,939372.325
3,2,1,False,10,1000000,None,0.0
4,2,1,False,50,1000000,None,0.0
5,2,1,False,100,1000000,None,0.0
6,2,2,True,10,1000000,Split,31813.912
7,2,2,True,50,1000000,Split,80091.111
8,2,2,True,100,1000000,Split,68696.059
9,2,2,False,10,1000000,None,0.0
10,2,2,False,50,1000000,None,0.0
11,2,2,False,100,1000000,None,0.0
12,2,3,True,10,1000000,Split,55937.406
13,2,3,True,50,1000000,Split,98350.878
14,2,3,True,100,1000000,Split,140824.771
15,2,3,False,10,1000000,None,0.0
16,2,3,False,50,1000000,None,0.0
17,2,3,False,100,1000000,None,0.0
18,2,4,True,10,1000000,Split,43277.876
19,2,4,True,50,1000000,Split,47946.402
20,2,4,True,100,1000000,Split,148222.879
21,2,4,False,10,1000000,None,0.0
22,2,4,False,50,1000000,None,0.0
23,2,4,False,100,1000000,None,0.0
24,2,5,True,10,1000000,Split,88744.81
25,2,5,True,50,1000000,Split,58889.323
26,2,5,True,100,1000000,Split,103517.411
27,2,5,False,10,1000000,None,0.0
28,2,5,False,50,1000000,None,0.0
29,2,5,False,100,1000000,None,0.0
30,2,6,True,10,1000000,Split,65235.784
31,2,6,True,50,1000000,Split,76116.794
32,2,6,True,100,1000000,Split,172897.785
33,2,6,False,10,1000000,None,0.0
34,2,6,False,50,1000000,None,0.0
35,2,6,False,100,1000000,None,0.0
36,2,7,True,10,1000000,Split,14738.94
37,2,7,True,50,1000000,Split,39048.277
38,2,7,True,100,1000000,Split,14788.71
39,2,7,False,10,1000000,None,0.0
40,2,7,False,50,1000000,None,0.0
41,2,7,False,100,1000000,None,0.0
42,2,8,True,10,1000000,Split,28714.535
43,2,8,True,50,1000000,Split,80092.67
44,2,8,True,100,1000000,Split,58874.175
45,2,8,False,10,1000000,None,0.0
46,2,8,False,50,1000000,None,0.0
47,2,8,False,100,1000000,None,0.0
48,2,9,True,10,1000000,Split,148209.479
49,2,9,True,50,1000000,Split,23402.613
50,2,9,True,100,1000000,Split,11991.538
51,2,9,False,10,1000000,None,0.0
52,2,9,False,50,1000000,None,0.0
53,2,9,False,100,1000000,None,0.0
54,2,10,True,10,1000000,Split,-1.155
55,2,10,True,50,1000000,Split,-3.078
56,2,10,True,100,1000000,Split,24.743
57,2,10,False,10,1000000,None,0.0
58,2,10,False,50,1000000,None,0.0
59,2,10,False,100,1000000,None,0.0
60,3,1,True,10,1000000,Hit,-3.346
61,3,1,True,50,1000000,Hit,-19.668
62,3,1,True,100,1000000,Hit,-45.566
63,3,1,False,10,1000000,None,0.0
64,3,1,False,50,1000000,None,0.0
65,3,1,False,100,1000000,None,0.0
66,3,2,True,10,1000000,Hit,-3.826
67,3,2,True,50,1000000,Hit,-11.93
68,3,2,True,100,1000000,Hit,-14.347
69,3,2,False,10,1000000,None,0.0
70,3,2,False,50,1000000,None,0.0
71,3,2,False,100,1000000,None,0.0
72,3,3,True,10,1000000,Hit,-2.511
73,3,3,True,50,1000000,Hit,-9.084
74,3,3,True,100,1000000,Hit,-17.467
75,3,3,False,10,1000000,None,0.0
76,3,3,False,50,1000000,None,0.0
77,3,3,False,100,1000000,None,0.0
78,3,4,True,10,1000000,Hit,-3.682
79,3,4,True,50,1000000,Hit,-5.549
80,3,4,True,100,1000000,Hit,-0.963
81,3,4,False,10,1000000,None,0.0
82,3,4,False,50,1000000,None,0.0
83,3,4,False,100,1000000,None,0.0
84,3,5,True,10,1000000,Hit,1.061
85,3,5,True,50,1000000,Hit,3.093
86,3,5,True,100,1000000,Hit,-1.673
87,3,5,False,10,1000000,None,0.0
88,3,5,False,50,1000000,None,0.0
89,3,5,False,100,1000000,None,0.0
90,3,6,True,10,1000000,Hit,-3.735
91,3,6,True,50,1000000,Hit,-5.586
92,3,6,True,100,1000000,Hit,-21.092
93,3,6,False,10,1000000,None,0.0
94,3,6,False,50,1000000,None,0.0
95,3,6,False,100,1000000,None,0.0
96,3,7,True,10,1000000,Hit,-4.392
97,3,7,True,50,1000000,Hit,-7.723
98,3,7,True,100,1000000,Hit,-44.919
99,3,7,False,10,1000000,None,0.0
100,3,7,False,50,1000000,None,0.0
101,3,7,False,100,1000000,None,0.0
102,3,8,True,10,1000000,Hit,-2.944
103,3,8,True,50,1000000,Hit,-5.975
104,3,8,True,100,1000000,Hit,-63.955
105,3,8,False,10,1000000,None,0.0
106,3,8,False,50,1000000,None,0.0
107,3,8,False,100,1000000,None,0.0
108,3,9,True,10,1000000,Hit,-2.806
109,3,9,True,50,1000000,Hit,-24.015
110,3,9,True,100,1000000,Hit,-38.055
111,3,9,False,10,1000000,None,0.0
112,3,9,False,50,1000000,None,0.0
113,3,9,False,100,1000000,None,0.0
114,3,10,True,10,1000000,Hit,-6.627
115,3,10,True,50,1000000,Hit,-38.072
116,3,10,True,100,1000000,Hit,-30.455
117,3,10,False,10,1000000,None,0.0
118,3,10,False,50,1000000,None,0.0
119,3,10,False,100,1000000,None,0.0
120,4,1,True,10,1000000,Hit,-5.367
121,4,1,True,50,1000000,Hit,-17.201
122,4,1,True,100,1000000,Hit,-40.092
123,4,1,False,10,1000000,Hit,-0.927
124,4,1,False,50,1000000,Hit,-22.357
125,4,1,False,100,1000000,Split,-47.004
126,4,2,True,10,1000000,Hit,-2.298
127,4,2,True,50,1000000,Hit,-5.173
128,4,2,True,100,1000000,Hit,-8.723
129,4,2,False,10,1000000,Hit,-1.568
130,4,2,False,50,1000000,Hit,-5.364
131,4,2,False,100,1000000,Hit,23.385
132,4,3,True,10,1000000,Hit,-1.581
133,4,3,True,50,1000000,Hit,-1.508
134,4,3,True,100,1000000,Hit,1.761
135,4,3,False,10,1000000,Hit,-1.849
136,4,3,False,50,1000000,Hit,-5.212
137,4,3,False,100,1000000,Hit,-30.028
138,4,4,True,10,1000000,Hit,-1.466
139,4,4,True,50,1000000,Hit,-19.964
140,4,4,True,100,1000000,Hit,-19.366
141,4,4,False,10,1000000,Hit,1.373
142,4,4,False,50,1000000,Hit,13.413
143,4,4,False,100,1000000,Double,16.17
144,4,5,True,10,1000000,Hit,-0.449
145,4,5,True,50,1000000,Hit,-3.69
146,4,5,True,100,1000000,Hit,-12.249
147,4,5,False,10,1000000,Hit,-0.182
148,4,5,False,50,1000000,Hit,-0.361
149,4,5,False,100,1000000,Hit,6.608
150,4,6,True,10,1000000,Hit,-0.48
151,4,6,True,50,1000000,Hit,-4.307
152,4,6,True,100,1000000,Hit,-16.845
153,4,6,False,10,1000000,Hit,1.037
154,4,6,False,50,1000000,Hit,0.76
155,4,6,False,100,1000000,Hit,-2.605
156,4,7,True,10,1000000,Hit,-1.619
157,4,7,True,50,1000000,Hit,-18.147
158,4,7,True,100,1000000,Hit,-70.802
159,4,7,False,10,1000000,Hit,-3.348
160,4,7,False,50,1000000,Hit,-18.887
161,4,7,False,100,1000000,Hit,-9.832
162,4,8,True,10,1000000,Hit,-3.201
163,4,8,True,50,1000000,Hit,-21.581
164,4,8,True,100,1000000,Hit,-33.471
165,4,8,False,10,1000000,Hit,-0.4
166,4,8,False,50,1000000,Hit,5.584
167,4,8,False,100,1000000,Split,-34.822
168,4,9,True,10,1000000,Hit,-6.381
169,4,9,True,50,1000000,Hit,-14.158
170,4,9,True,100,1000000,Hit,-30.299
171,4,9,False,10,1000000,Split,-1.919
172,4,9,False,50,1000000,Hit,-9.589
173,4,9,False,100,1000000,Hit,-10.596
174,4,10,True,10,1000000,Hit,-6.269
175,4,10,True,50,1000000,Hit,-22.534
176,4,10,True,100,1000000,Hit,-52.458
177,4,10,False,10,1000000,Hit,-2.265
178,4,10,False,50,1000000,Hit,-13.113
179,4,10,False,100,1000000,Hit,-16.535
180,5,1,True,10,1000000,Hit,-2.414
181,5,1,True,50,1000000,Hit,-6.302
182,5,1,True,100,1000000,Hit,-29.298
183,5,1,False,10,1000000,Hit,-1.916
184,5,1,False,50,1000000,Hit,-22.624
185,5,1,False,100,1000000,Hit,-11.519
186,5,2,True,10,1000000,Hit,-2.3
187,5,2,True,50,1000000,Hit,-9.609
188,5,2,True,100,1000000,Hit,-23.545
189,5,2,False,10,1000000,Hit,-3.947
190,5,2,False,50,1000000,Hit,1.783
191,5,2,False,100,1000000,Hit,-1.315
192,5,3,True,10,1000000,Hit,-0.902
193,5,3,True,50,1000000,Hit,-0.443
194,5,3,True,100,1000000,Hit,-44.8
195,5,3,False,10,1000000,Hit,-1.889
196,5,3,False,50,1000000,Hit,-9.775
197,5,3,False,100,1000000,Hit,-2.839
198,5,4,True,10,1000000,Hit,-2.621
199,5,4,True,50,1000000,Hit,1.039
200,5,4,True,100,1000000,Hit,-9.592
201,5,4,False,10,1000000,Hit,-3.417
202,5,4,False,50,1000000,Hit,-7.626
203,5,4,False,100,1000000,Hit,-15.63
204,5,5,True,10,1000000,Hit,-1.058
205,5,5,True,50,1000000,Hit,-14.286
206,5,5,True,100,1000000,Hit,8.891
207,5,5,False,10,1000000,Hit,-1.051
208,5,5,False,50,1000000,Hit,-2.563
209,5,5,False,100,1000000,Hit,-39.233
210,5,6,True,10,1000000,Hit,-0.471
211,5,6,True,50,1000000,Hit,0.943
212,5,6,True,100,1000000,Hit,-25.95
213,5,6,False,10,1000000,Hit,0.378
214,5,6,False,50,1000000,Hit,3.228
215,5,6,False,100,1000000,Hit,-3.281
216,5,7,True,10,1000000,Hit,-4.582
217,5,7,True,50,1000000,Hit,-22.889
218,5,7,True,100,1000000,Hit,13.803
219,5,7,False,10,1000000,Hit,-1.5
220,5,7,False,50,1000000,Hit,-5.462
221,5,7,False,100,1000000,Hit,-12.217
222,5,8,True,10,1000000,Hit,-4.985
223,5,8,True,50,1000000,Hit,-25.801
224,5,8,True,100,1000000,Hit,-15.862
225,5,8,False,10,1000000,Hit,-0.877
226,5,8,False,50,1000000,Hit,-0.225
227,5,8,False,100,1000000,Hit,8.748
228,5,9,True,10,1000000,Hit,-1.608
229,5,9,True,50,1000000,Hit,-34.631
230,5,9,True,100,1000000,Hit,-42.336
231,5,9,False,10,1000000,Hit,-2.165
232,5,9,False,50,1000000,Hit,-8.4
233,5,9,False,100,1000000,Hit,-7.23
234,5,10,True,10,1000000,Hit,-5.941
235,5,10,True,50,1000000,Hit,-26.996
236,5,10,True,100,1000000,Hit,-48.33
237,5,10,False,10,1000000,Hit,-1.509
238,5,10,False,50,1000000,Hit,-12.73
239,5,10,False,100,1000000,Hit,-50.681
240,6,1,True,10,1000000,Hit,-3.816
241,6,1,True,50,1000000,Hit,-21.778
242,6,1,True,100,1000000,Hit,-60.401
243,6,1,False,10,1000000,Hit,-1.273
244,6,1,False,50,1000000,Split,-15.811
245,6,1,False,100,1000000,Hit,-33.056
246,6,2,True,10,1000000,Hit,-3.394
247,6,2,True,50,1000000,Hit,-9.758
248,6,2,True,100,1000000,Hit,12.536
249,6,2,False,10,1000000,Hit,-0.244
250,6,2,False,50,1000000,Split,-11.843
251,6,2,False,100,1000000,Hit,-9.882
252,6,3,True,10,1000000,Hit,-0.8
253,6,3,True,50,1000000,Hit,-9.079
254,6,3,True,100,1000000,Hit,-28.499
255,6,3,False,10,1000000,Hit,-1.118
256,6,3,False,50,1000000,Hit,-9.928
257,6,3,False,100,1000000,Hit,-24.115
258,6,4,True,10,1000000,Hit,-2.115
259,6,4,True,50,1000000,Hit,-18.013
260,6,4,True,100,1000000,Hit,15.336
261,6,4,False,10,1000000,Hit,-3.153
262,6,4,False,50,1000000,Hit,2.449
263,6,4,False,100,1000000,Hit,-1.3
264,6,5,True,10,1000000,Hit,-0.97
265,6,5,True,50,1000000,Hit,-9.417
266,6,5,True,100,1000000,Hit,-15.793
267,6,5,False,10,1000000,Hit,0.723
268,6,5,False,50,1000000,Hit,-8.245
269,6,5,False,100,1000000,Hit,6.655
270,6,6,True,10,1000000,Hit,-0.798
271,6,6,True,50,1000000,Hit,-2.999
272,6,6,True,100,1000000,Hit,-28.454
273,6,6,False,10,1000000,Hit,2.951
274,6,6,False,50,1000000,Hit,-0.24
275,6,6,False,100,1000000,Split,-0.99
276,6,7,True,10,1000000,Hit,-4.944
277,6,7,True,50,1000000,Hit,-26.439
278,6,7,True,100,1000000,Hit,-31.419
279,6,7,False,10,1000000,Hit,-0.237
280,6,7,False,50,1000000,Hit,-1.733
281,6,7,False,100,1000000,Hit,-14.011
282,6,8,True,10,1000000,Hit,-3.415
283,6,8,True,50,1000000,Hit,-22.573
284,6,8,True,100,1000000,Hit,-33.894
285,6,8,False,10,1000000,Hit,-0.958
286,6,8,False,50,1000000,Hit,-11.725
287,6,8,False,100,1000000,Hit,-25.532
288,6,9,True,10,1000000,Hit,-3.812
289,6,9,True,50,1000000,Hit,-25.064
290,6,9,True,100,1000000,Hit,-51.169
291,6,9,False,10,1000000,Hit,-3.771
292,6,9,False,50,1000000,Hit,-2.971
293,6,9,False,100,1000000,Hit,-18.277
294,6,10,True,10,1000000,Hit,-6.454
295,6,10,True,50,1000000,Hit,-7.249
296,6,10,True,100,1000000,Hit,-50.962
297,6,10,False,10,1000000,Hit,-6.149
298,6,10,False,50,1000000,Hit,-14.005
299,6,10,False,100,1000000,Hit,-58.475
300,7,1,True,10,1000000,Hit,-3.239
301,7,1,True,50,1000000,Hit,-17.973
302,7,1,True,100,1000000,Hit,-23.815
303,7,1,False,10,1000000,Hit,-7.668
304,7,1,False,50,1000000,Hit,-10.21
305,7,1,False,100,1000000,Hit,-45.339
306,7,2,True,10,1000000,Hit,-0.721
307,7,2,True,50,1000000,Hit,-10.868
308,7,2,True,100,1000000,Hit,-9.512
309,7,2,False,10,1000000,Hit,-2.559
310,7,2,False,50,1000000,Hit,4.398
311,7,2,False,100,1000000,Hit,-15.402
312,7,3,True,10,1000000,Hit,0.296
313,7,3,True,50,1000000,Hit,1.301
314,7,3,True,100,1000000,Hit,-30.905
315,7,3,False,10,1000000,Hit,-1.043
316,7,3,False,50,1000000,Hit,-1.983
317,7,3,False,100,1000000,Hit,1.892
318,7,4,True,10,1000000,Hit,-4.194
319,7,4,True,50,1000000,Hit,-7.2
320,7,4,True,100,1000000,Hit,4.103
321,7,4,False,10,1000000,Hit,-2.442
322,7,4,False,50,1000000,Hit,-0.917
323,7,4,False,100,1000000,Hit,3.743
324,7,5,True,10,1000000,Hit,-1.241
325,7,5,True,50,1000000,Hit,-15.096
326,7,5,True,100,1000000,Hit,15.973
327,7,5,False,10,1000000,Hit,-0.004
328,7,5,False,50,1000000,Hit,-12.391
329,7,5,False,100,1000000,Hit,-6.248
330,7,6,True,10,1000000,Hit,-0.47
331,7,6,True,50,1000000,Hit,11.563
332,7,6,True,100,1000000,Hit,-33.396
333,7,6,False,10,1000000,Hit,1.493
334,7,6,False,50,1000000,Hit,-1.954
335,7,6,False,100,1000000,Hit,7.864
336,7,7,True,10,1000000,Hit,-4.25
337,7,7,True,50,1000000,Hit,-23.607
338,7,7,True,100,1000000,Hit,-15.395
339,7,7,False,10,1000000,Hit,-2.54
340,7,7,False,50,1000000,Hit,1.066
341,7,7,False,100,1000000,Hit,18.877
342,7,8,True,10,1000000,Hit,-4.396
343,7,8,True,50,1000000,Hit,-8.929
344,7,8,True,100,1000000,Hit,-55.019
345,7,8,False,10,1000000,Hit,-2.668
346,7,8,False,50,1000000,Hit,-6.481
347,7,8,False,100,1000000,Hit,-40.154
348,7,9,True,10,1000000,Hit,-3.502
349,7,9,True,50,1000000,Hit,-18.242
350,7,9,True,100,1000000,Hit,-47.256
351,7,9,False,10,1000000,Hit,-4.351
352,7,9,False,50,1000000,Hit,-7.277
353,7,9,False,100,1000000,Hit,-46.859
354,7,10,True,10,1000000,Hit,-5.715
355,7,10,True,50,1000000,Hit,-29.964
356,7,10,True,100,1000000,Hit,-49.2
357,7,10,False,10,1000000,Hit,-3.248
358,7,10,False,50,1000000,Hit,-23.06
359,7,10,False,100,1000000,Hit,-61.716
360,8,1,True,10,1000000,Hit,-5.599
361,8,1,True,50,1000000,Hit,-21.823
362,8,1,True,100,1000000,Hit,-35.666
363,8,1,False,10,1000000,Hit,-4.899
364,8,1,False,50,1000000,Hit,-14.095
365,8,1,False,100,1000000,Hit,-13.4
366,8,2,True,10,1000000,Hit,-5.703
367,8,2,True,50,1000000,Hit,-2.856
368,8,2,True,100,1000000,Hit,-7.227
369,8,2,False,10,1000000,Hit,-1.77
370,8,2,False,50,1000000,Hit,-10.852
371,8,2,False,100,1000000,Split,-33.619
372,8,3,True,10,1000000,Hit,-2.451
373,8,3,True,50,1000000,Hit,2.45
374,8,3,True,100,1000000,Hit,-14.879
375,8,3,False,10,1000000,Hit,1.369
376,8,3,False,50,1000000,Hit,5.103
377,8,3,False,100,1000000,Hit,-20.98
378,8,4,True,10,1000000,Hit,-2.109
379,8,4,True,50,1000000,Hit,-14.018
380,8,4,True,100,1000000,Hit,-3.401
381,8,4,False,10,1000000,Hit,3.14
382,8,4,False,50,1000000,Split,8.36
383,8,4,False,100,1000000,Hit,-8.406
384,8,5,True,10,1000000,Hit,-1.086
385,8,5,True,50,1000000,Hit,-6.213
386,8,5,True,100,1000000,Hit,-12.072
387,8,5,False,10,1000000,Hit,-0.048
388,8,5,False,50,1000000,Hit,1.114
389,8,5,False,100,1000000,Hit,6.076
390,8,6,True,10,1000000,Hit,-1.788
391,8,6,True,50,1000000,Hit,13.413
392,8,6,True,100,1000000,Hit,-19.935
393,8,6,False,10,1000000,Hit,1.564
394,8,6,False,50,1000000,Hit,9.896
395,8,6,False,100,1000000,Hit,2.085
396,8,7,True,10,1000000,Hit,-1.885
397,8,7,True,50,1000000,Hit,-20.249
398,8,7,True,100,1000000,Hit,-24.968
399,8,7,False,10,1000000,Hit,-1.281
400,8,7,False,50,1000000,Hit,5.447
401,8,7,False,100,1000000,Hit,-6.717
402,8,8,True,10,1000000,Hit,-4.294
403,8,8,True,50,1000000,Hit,-12.307
404,8,8,True,100,1000000,Hit,-28.92
405,8,8,False,10,1000000,Hit,-1.448
406,8,8,False,50,1000000,Hit,4.98
407,8,8,False,100,1000000,Hit,-4.594
408,8,9,True,10,1000000,Hit,-5.382
409,8,9,True,50,1000000,Hit,-19.401
410,8,9,True,100,1000000,Hit,-16.53
411,8,9,False,10,1000000,Hit,-2.455
412,8,9,False,50,1000000,Hit,-0.422
413,8,9,False,100,1000000,Hit,-10.949
414,8,10,True,10,1000000,Hit,-6.249
415,8,10,True,50,1000000,Hit,-24.835
416,8,10,True,100,1000000,Hit,-48.861
417,8,10,False,10,1000000,Hit,0.525
418,8,10,False,50,1000000,Hit,6.609
419,8,10,False,100,1000000,Hit,1.729
420,9,1,True,10,1000000,Hit,-4.134
421,9,1,True,50,1000000,Hit,-18.488
422,9,1,True,100,1000000,Hit,-21.871
423,9,1,False,10,1000000,Hit,-0.27
424,9,1,False,50,1000000,Hit,5.621
425,9,1,False,100,1000000,Hit,-7.813
426,9,2,True,10,1000000,Hit,-5.452
427,9,2,True,50,1000000,Hit,-7.923
428,9,2,True,100,1000000,Hit,-42.8
429,9,2,False,10,1000000,Hit,-0.851
430,9,2,False,50,1000000,Hit,20.499
431,9,2,False,100,1000000,Hit,15.866
432,9,3,True,10,1000000,Hit,-0.651
433,9,3,True,50,1000000,Hit,-8.321
434,9,3,True,100,1000000,Hit,-33.544
435,9,3,False,10,1000000,Hit,2.931
436,9,3,False,50,1000000,Hit,-6.629
437,9,3,False,100,1000000,Hit,-5.552
438,9,4,True,10,1000000,Hit,-2.189
439,9,4,True,50,1000000,Hit,-14.61
440,9,4,True,100,1000000,Hit,-8.229
441,9,4,False,10,1000000,Hit,1.215
442,9,4,False,50,1000000,Hit,-17.276
443,9,4,False,100,1000000,Hit,23.743
444,9,5,True,10,1000000,Hit,-2.264
445,9,5,True,50,1000000,Hit,-8.922
446,9,5,True,100,1000000,Hit,14.596
447,9,5,False,10,1000000,Hit,-1.149
448,9,5,False,50,1000000,Hit,12.432
449,9,5,False,100,1000000,Double,26.716
450,9,6,True,10,1000000,Hit,-1.49
451,9,6,True,50,1000000,Hit,-4.579
452,9,6,True,100,1000000,Hit,6.481
453,9,6,False,10,1000000,Hit,2.409
454,9,6,False,50,1000000,Double,32.831
455,9,6,False,100,1000000,Hit,16.014
456,9,7,True,10,1000000,Hit,-5.112
457,9,7,True,50,1000000,Hit,-24.045
458,9,7,True,100,1000000,Hit,-19.849
459,9,7,False,10,1000000,Hit,0.718
460,9,7,False,50,1000000,Hit,10.693
461,9,7,False,100,1000000,Hit,26.636
462,9,8,True,10,1000000,Hit,-2.384
463,9,8,True,50,1000000,Hit,-31.297
464,9,8,True,100,1000000,Hit,-42.253
465,9,8,False,10,1000000,Hit,0.708
466,9,8,False,50,1000000,Hit,13.314
467,9,8,False,100,1000000,Hit,13.361
468,9,9,True,10,1000000,Hit,-3.277
469,9,9,True,50,1000000,Hit,-13.634
470,9,9,True,100,1000000,Hit,-43.549
471,9,9,False,10,1000000,Hit,0.7
472,9,9,False,50,1000000,Hit,0.584
473,9,9,False,100,1000000,Hit,-33.197
474,9,10,True,10,1000000,Hit,-6.357
475,9,10,True,50,1000000,Hit,-22.602
476,9,10,True,100,1000000,Hit,-51.708
477,9,10,False,10,1000000,Hit,-1.369
478,9,10,False,50,1000000,Hit,2.427
479,9,10,False,100,1000000,Hit,-5.534
480,10,1,True,10,1000000,Hit,-3.646
481,10,1,True,50,1000000,Hit,-27.7
482,10,1,True,100,1000000,Hit,-15.509
483,10,1,False,10,1000000,Hit,1.121
484,10,1,False,50,1000000,Hit,7.501
485,10,1,False,100,1000000,Hit,30.675
486,10,2,True,10,1000000,Hit,-3.714
487,10,2,True,50,1000000,Hit,-8.48
488,10,2,True,100,1000000,Hit,-0.221
489,10,2,False,10,1000000,Hit,-0.715
490,10,2,False,50,1000000,Hit,10.534
491,10,2,False,100,1000000,Hit,24.793
492,10,3,True,10,1000000,Hit,-1.133
493,10,3,True,50,1000000,Hit,13.74
494,10,3,True,100,1000000,Hit,-32.494
495,10,3,False,10,1000000,Hit,4.482
496,10,3,False,50,1000000,Hit,-0.686
497,10,3,False,100,1000000,Hit,-1.657
498,10,4,True,10,1000000,Hit,-0.376
499,10,4,True,50,1000000,Hit,-13.756
500,10,4,True,100,1000000,Hit,-26.594
501,10,4,False,10,1000000,Hit,0.019
502,10,4,False,50,1000000,Hit,8.949
503,10,4,False,100,1000000,Hit,23.488
504,10,5,True,10,1000000,Hit,1.709
505,10,5,True,50,1000000,Hit,11.262
506,10,5,True,100,1000000,Hit,-24.442
507,10,5,False,10,1000000,Hit,3.976
508,10,5,False,50,1000000,Hit,20.388
509,10,5,False,100,1000000,Double,36.625
510,10,6,True,10,1000000,Hit,0.093
511,10,6,True,50,1000000,Hit,-2.594
512,10,6,True,100,1000000,Hit,7.277
513,10,6,False,10,1000000,Hit,1.216
514,10,6,False,50,1000000,Double,39.393
515,10,6,False,100,1000000,Hit,28.858
516,10,7,True,10,1000000,Hit,-6.716
517,10,7,True,50,1000000,Hit,-23.096
518,10,7,True,100,1000000,Hit,5.523
519,10,7,False,10,1000000,Hit,0.921
520,10,7,False,50,1000000,Hit,13.634
521,10,7,False,100,1000000,Hit,10.365
522,10,8,True,10,1000000,Hit,-5.612
523,10,8,True,50,1000000,Hit,-10.682
524,10,8,True,100,1000000,Hit,-35.553
525,10,8,False,10,1000000,Hit,2.195
526,10,8,False,50,1000000,Hit,20.337
527,10,8,False,100,1000000,Hit,0.776
528,10,9,True,10,1000000,Hit,-4.664
529,10,9,True,50,1000000,Hit,-33.29
530,10,9,True,100,1000000,Hit,-37.141
531,10,9,False,10,1000000,Hit,1.56
532,10,9,False,50,1000000,Double,26.237
533,10,9,False,100,1000000,Hit,16.634
534,10,10,True,10,1000000,Hit,-6.043
535,10,10,True,50,1000000,Hit,-27.153
536,10,10,True,100,1000000,Hit,-38.271
537,10,10,False,10,1000000,Hit,-0.656
538,10,10,False,50,1000000,Hit,9.097
539,10,10,False,100,1000000,Hit,10.319
540,11,1,True,10,1000000,Hit,-6.207
541,11,1,True,50,1000000,Hit,-41.744
542,11,1,True,100,1000000,Hit,-77.244
543,11,1,False,10,1000000,Hit,1.216
544,11,1,False,50,1000000,Hit,9.349
545,11,1,False,100,1000000,Hit,46.42
546,11,2,True,10,1000000,Hit,-4.342
547,11,2,True,50,1000000,Hit,-22.409
548,11,2,True,100,1000000,Hit,-24.375
549,11,2,False,10,1000000,Hit,0.076
550,11,2,False,50,1000000,Hit,9.878
551,11,2,False,100,1000000,Hit,30.333
552,11,3,True,10,1000000,Hit,-0.927
553,11,3,True,50,1000000,Hit,12.658
554,11,3,True,100,1000000,Hit,-38.409
555,11,3,False,10,1000000,Hit,2.147
556,11,3,False,50,1000000,Hit,2.818
557,11,3,False,100,1000000,Hit,27.655
558,11,4,True,10,1000000,Hit,-3.669
559,11,4,True,50,1000000,Hit,-16.072
560,11,4,True,100,1000000,Hit,-34.865
561,11,4,False,10,1000000,Double,8.827
562,11,4,False,50,1000000,Double,34.214
563,11,4,False,100,1000000,Hit,24.814
564,11,5,True,10,1000000,Hit,-3.483
565,11,5,True,50,1000000,Hit,-11.411
566,11,5,True,100,1000000,Hit,-42.872
567,11,5,False,10,1000000,Hit,3.896
568,11,5,False,50,1000000,Hit,7.391
569,11,5,False,100,1000000,Hit,23.265
570,11,6,True,10,1000000,Hit,-0.494
571,11,6,True,50,1000000,Hit,13.884
572,11,6,True,100,1000000,Hit,4.135
573,11,6,False,10,1000000,Hit,4.088
574,11,6,False,50,1000000,Hit,14.848
575,11,6,False,100,1000000,Double,56.134
576,11,7,True,10,1000000,Hit,-5.388
577,11,7,True,50,1000000,Hit,-39.371
578,11,7,True,100,1000000,Hit,-38.347
579,11,7,False,10,1000000,Hit,6.131
580,11,7,False,50,1000000,Hit,10.575
581,11,7,False,100,1000000,Hit,40.948
582,11,8,True,10,1000000,Hit,-7.213
583,11,8,True,50,1000000,Hit,-25.591
584,11,8,True,100,1000000,Hit,-31.325
585,11,8,False,10,1000000,Hit,2.413
586,11,8,False,50,1000000,Hit,12.284
587,11,8,False,100,1000000,Hit,13.066
588,11,9,True,10,1000000,Hit,-7.751
589,11,9,True,50,1000000,Hit,-23.694
590,11,9,True,100,1000000,Hit,-68.542
591,11,9,False,10,1000000,Double,4.436
592,11,9,False,50,1000000,Hit,9.999
593,11,9,False,100,1000000,Hit,11.966
594,11,10,True,10,1000000,Hit,-4.448
595,11,10,True,50,1000000,Hit,-15.075
596,11,10,True,100,1000000,Hit,-75.698
597,11,10,False,10,1000000,Hit,2.006
598,11,10,False,50,1000000,Hit,7.858
599,11,10,False,100,1000000,Hit,20.938
600,12,1,True,10,1000000,Stay,-2.731
601,12,1,True,50,1000000,Stay,-13.245
602,12,1,True,100,1000000,Stay,-28.031
603,12,1,False,10,1000000,Hit,-3.137
604,12,1,False,50,1000000,Hit,-18.006
605,12,1,False,100,1000000,Hit,-53.132
606,12,2,True,10,1000000,Stay,-2.895
607,12,2,True,50,1000000,Stay,-5.989
608,12,2,True,100,1000000,Stay,18.753
609,12,2,False,10,1000000,Stay,-2.627
610,12,2,False,50,1000000,Stay,-18.967
611,12,2,False,100,1000000,Stay,-27.561
612,12,3,True,10,1000000,Stay,1.077
613,12,3,True,50,1000000,Hit,7.678
614,12,3,True,100,1000000,Stay,-24.633
615,12,3,False,10,1000000,Hit,-3.414
616,12,3,False,50,1000000,Hit,-32.21
617,12,3,False,100,1000000,Hit,-13.375
618,12,4,True,10,1000000,Stay,-2.073
619,12,4,True,50,1000000,Stay,-2.13
620,12,4,True,100,1000000,Stay,-30.252
621,12,4,False,10,1000000,Double,-2.398
622,12,4,False,50,1000000,Stay,-15.471
623,12,4,False,100,1000000,Hit,-26.183
624,12,5,True,10,1000000,Stay,0.886
625,12,5,True,50,1000000,Stay,4.136
626,12,5,True,100,1000000,Stay,-18.038
627,12,5,False,10,1000000,Stay,-1.849
628,12,5,False,50,1000000,Hit,-22.412
629,12,5,False,100,1000000,Stay,-18.634
630,12,6,True,10,1000000,Hit,-1.887
631,12,6,True,50,1000000,Hit,-0.683
632,12,6,True,100,1000000,Hit,-10.628
633,12,6,False,10,1000000,Hit,1.726
634,12,6,False,50,1000000,Hit,-20.273
635,12,6,False,100,1000000,Stay,1.469
636,12,7,True,10,1000000,Hit,-3.828
637,12,7,True,50,1000000,Hit,-17.664
638,12,7,True,100,1000000,Hit,-37.616
639,12,7,False,10,1000000,Hit,2.238
640,12,7,False,50,1000000,Hit,-11.956
641,12,7,False,100,1000000,Hit,-30.431
642,12,8,True,10,1000000,Hit,-2.092
643,12,8,True,50,1000000,Hit,-15.415
644,12,8,True,100,1000000,Stay,-31.888
645,12,8,False,10,1000000,Stay,-4.325
646,12,8,False,50,1000000,Hit,-13.333
647,12,8,False,100,1000000,Hit,-29.797
648,12,9,True,10,1000000,Hit,-3.73
649,12,9,True,50,1000000,Stay,-22.639
650,12,9,True,100,1000000,Stay,-28.614
651,12,9,False,10,1000000,Hit,-1.98
652,12,9,False,50,1000000,Hit,-16.94
653,12,9,False,100,1000000,Hit,-28.184
654,12,10,True,10,1000000,Hit,-5.946
655,12,10,True,50,1000000,Stay,-13.431
656,12,10,True,100,1000000,Hit,-53.935
657,12,10,False,10,1000000,Hit,-5.197
658,12,10,False,50,1000000,Hit,-5.834
659,12,10,False,100,1000000,Hit,-37.251
660,13,1,True,10,1000000,Hit,-2.844
661,13,1,True,50,1000000,Hit,8.449
662,13,1,True,100,1000000,Hit,-14.696
663,13,1,False,10,1000000,Hit,-4.856
664,13,1,False,50,1000000,Hit,-21.297
665,13,1,False,100,1000000,Hit,-74.764
666,13,2,True,10,1000000,Hit,0.68
667,13,2,True,50,1000000,Hit,-5.649
668,13,2,True,100,1000000,Hit,3.167
669,13,2,False,10,1000000,Stay,-5.999
670,13,2,False,50,1000000,Hit,-9.804
671,13,2,False,100,1000000,Stay,5.708
672,13,3,True,10,1000000,Hit,0.933
673,13,3,True,50,1000000,Stay,-2.489
674,13,3,True,100,1000000,Hit,1.956
675,13,3,False,10,1000000,Stay,-2.053
676,13,3,False,50,1000000,Hit,-16.211
677,13,3,False,100,1000000,Stay,8.4
678,13,4,True,10,1000000,Hit,-0.547
679,13,4,True,50,1000000,Hit,7.508
680,13,4,True,100,1000000,Hit,-12.855
681,13,4,False,10,1000000,Stay,-3.951
682,13,4,False,50,1000000,Hit,-13.662
683,13,4,False,100,1000000,Stay,-18.126
684,13,5,True,10,1000000,Stay,0.971
685,13,5,True,50,1000000,Hit,-3.264
686,13,5,True,100,1000000,Hit,17.763
687,13,5,False,10,1000000,Stay,-2.434
688,13,5,False,50,1000000,Hit,-16.891
689,13,5,False,100,1000000,Stay,-40.872
690,13,6,True,10,1000000,Stay,-2.468
691,13,6,True,50,1000000,Hit,-1.741
692,13,6,True,100,1000000,Hit,11.493
693,13,6,False,10,1000000,Stay,-1.055
694,13,6,False,50,1000000,Hit,-11.774
695,13,6,False,100,1000000,Hit,-24.493
696,13,7,True,10,1000000,Hit,0.319
697,13,7,True,50,1000000,Hit,0.198
698,13,7,True,100,1000000,Hit,-10.698
699,13,7,False,10,1000000,Hit,-0.823
700,13,7,False,50,1000000,Hit,-19.148
701,13,7,False,100,1000000,Hit,-40.521
702,13,8,True,10,1000000,Hit,-0.399
703,13,8,True,50,1000000,Hit,-3.08
704,13,8,True,100,1000000,Hit,1.643
705,13,8,False,10,1000000,Hit,-3.601
706,13,8,False,50,1000000,Hit,-18.445
707,13,8,False,100,1000000,Hit,-50.93
708,13,9,True,10,1000000,Hit,-2.69
709,13,9,True,50,1000000,Hit,-4.289
710,13,9,True,100,1000000,Hit,7.192
711,13,9,False,10,1000000,Hit,-4.481
712,13,9,False,50,1000000,Hit,-8.255
713,13,9,False,100,1000000,Hit,-4.247
714,13,10,True,10,1000000,Hit,-2.059
715,13,10,True,50,1000000,Hit,-27.134
716,13,10,True,100,1000000,Hit,-19.105
717,13,10,False,10,1000000,Hit,-6.098
718,13,10,False,50,1000000,Hit,-15.106
719,13,10,False,100,1000000,Hit,-54.596
720,14,1,True,10,1000000,Hit,-3.151
721,14,1,True,50,1000000,Hit,-6.064
722,14,1,True,100,1000000,Hit,-4.967
723,14,1,False,10,1000000,Hit,-7.093
724,14,1,False,50,1000000,Hit,-26.69
725,14,1,False,100,1000000,Hit,-33.477
726,14,2,True,10,1000000,Hit,-3.211
727,14,2,True,50,1000000,Hit,-16.748
728,14,2,True,100,1000000,Hit,-21.002
729,14,2,False,10,1000000,Hit,-3.329
730,14,2,False,50,1000000,Hit,-12.114
731,14,2,False,100,1000000,Split,13.593
732,14,3,True,10,1000000,Hit,-1.379
733,14,3,True,50,1000000,Hit,10.486
734,14,3,True,100,1000000,Hit,-2.12
735,14,3,False,10,1000000,Stay,-1.151
736,14,3,False,50,1000000,Split,-10.492
737,14,3,False,100,1000000,Stay,-42.098
738,14,4,True,10,1000000,Hit,-0.536
739,14,4,True,50,1000000,Hit,8.001
740,14,4,True,100,1000000,Hit,-14.977
741,14,4,False,10,1000000,Stay,-2.631
742,14,4,False,50,1000000,Stay,-15.327
743,14,4,False,100,1000000,Split,2.546
744,14,5,True,10,1000000,Hit,1.662
745,14,5,True,50,1000000,Hit,0.011
746,14,5,True,100,1000000,Hit,-9.582
747,14,5,False,10,1000000,Split,-2.782
748,14,5,False,50,1000000,Split,-8.126
749,14,5,False,100,1000000,Stay,-27.622
750,14,6,True,10,1000000,Hit,1.778
751,14,6,True,50,1000000,Hit,-4.769
752,14,6,True,100,1000000,Hit,0.031
753,14,6,False,10,1000000,Stay,-2.398
754,14,6,False,50,1000000,Stay,-6.08
755,14,6,False,100,1000000,Stay,-5.687
756,14,7,True,10,1000000,Hit,1.098
757,14,7,True,50,1000000,Hit,-5.462
758,14,7,True,100,1000000,Hit,-26.207
759,14,7,False,10,1000000,Hit,-1.97
760,14,7,False,50,1000000,Hit,-18.939
761,14,7,False,100,1000000,Hit,-42.069
762,14,8,True,10,1000000,Hit,-1.347
763,14,8,True,50,1000000,Hit,8.531
764,14,8,True,100,1000000,Hit,-14.129
765,14,8,False,10,1000000,Hit,-4.103
766,14,8,False,50,1000000,Split,-24.736
767,14,8,False,100,1000000,Stay,-66.179
768,14,9,True,10,1000000,Hit,-2.147
769,14,9,True,50,1000000,Hit,-19.306
770,14,9,True,100,1000000,Hit,-32.174
771,14,9,False,10,1000000,Hit,-4.389
772,14,9,False,50,1000000,Stay,-28.76
773,14,9,False,100,1000000,Hit,-55.338
774,14,10,True,10,1000000,Hit,-1.161
775,14,10,True,50,1000000,Hit,6.632
776,14,10,True,100,1000000,Hit,-27.785
777,14,10,False,10,1000000,Stay,-4.977
778,14,10,False,50,1000000,Hit,-29.826
779,14,10,False,100,1000000,Stay,-51.92
780,15,1,True,10,1000000,Hit,-1.644
781,15,1,True,50,1000000,Hit,-9.955
782,15,1,True,100,1000000,Hit,-19.513
783,15,1,False,10,1000000,Hit,-4.919
784,15,1,False,50,1000000,Hit,-26.212
785,15,1,False,100,1000000,Hit,-49.32
786,15,2,True,10,1000000,Hit,2.091
787,15,2,True,50,1000000,Hit,-12.772
788,15,2,True,100,1000000,Hit,-45.474
789,15,2,False,10,1000000,Stay,-2.103
790,15,2,False,50,1000000,Stay,-20.158
791,15,2,False,100,1000000,Stay,-18.075
792,15,3,True,10,1000000,Hit,-0.219
793,15,3,True,50,1000000,Stay,-0.985
794,15,3,True,100,1000000,Hit,7.381
795,15,3,False,10,1000000,Stay,-0.315
796,15,3,False,50,1000000,Stay,-25.879
797,15,3,False,100,1000000,Stay,-21.987
798,15,4,True,10,1000000,Stay,-1.119
799,15,4,True,50,1000000,Hit,7.151
800,15,4,True,100,1000000,Stay,-19.907
801,15,4,False,10,1000000,Stay,-3.777
802,15,4,False,50,1000000,Stay,-11.209
803,15,4,False,100,1000000,Stay,-18.213
804,15,5,True,10,1000000,Hit,-0.827
805,15,5,True,50,1000000,Hit,-6.537
806,15,5,True,100,1000000,Hit,16.004
807,15,5,False,10,1000000,Stay,-4.796
808,15,5,False,50,1000000,Stay,-12.766
809,15,5,False,100,1000000,Stay,-18.941
810,15,6,True,10,1000000,Hit,0.864
811,15,6,True,50,1000000,Hit,7.755
812,15,6,True,100,1000000,Hit,-17.068
813,15,6,False,10,1000000,Stay,-1.207
814,15,6,False,50,1000000,Stay,-3.514
815,15,6,False,100,1000000,Stay,-13.146
816,15,7,True,10,1000000,Hit,0.2
817,15,7,True,50,1000000,Hit,0.737
818,15,7,True,100,1000000,Hit,-7.378
819,15,7,False,10,1000000,Stay,-5.006
820,15,7,False,50,1000000,Hit,-14.586
821,15,7,False,100,1000000,Hit,-40.1
822,15,8,True,10,1000000,Hit,-3.412
823,15,8,True,50,1000000,Hit,4.465
824,15,8,True,100,1000000,Hit,11.45
825,15,8,False,10,1000000,Stay,-4.414
826,15,8,False,50,1000000,Hit,-18.516
827,15,8,False,100,1000000,Hit,-43.882
828,15,9,True,10,1000000,Hit,-1.112
829,15,9,True,50,1000000,Stay,-24.322
830,15,9,True,100,1000000,Hit,-33.662
831,15,9,False,10,1000000,Hit,-5.65
832,15,9,False,50,1000000,Hit,-22.975
833,15,9,False,100,1000000,Hit,-65.484
834,15,10,True,10,1000000,Hit,-2.056
835,15,10,True,50,1000000,Stay,-19.848
836,15,10,True,100,1000000,Hit,-13.648
837,15,10,False,10,1000000,Hit,-5.487
838,15,10,False,50,1000000,Stay,-24.889
839,15,10,False,100,1000000,Hit,-37.038
840,16,1,True,10,1000000,Hit,-2.354
841,16,1,True,50,1000000,Hit,-20.213
842,16,1,True,100,1000000,Hit,-44.975
843,16,1,False,10,1000000,Hit,-4.236
844,16,1,False,50,1000000,Split,-18.945
845,16,1,False,100,1000000,Split,-54.835
846,16,2,True,10,1000000,Hit,0.397
847,16,2,True,50,1000000,Hit,-17.493
848,16,2,True,100,1000000,Hit,8.342
849,16,2,False,10,1000000,Split,0.292
850,16,2,False,50,1000000,Split,1.07
851,16,2,False,100,1000000,Stay,-31.652
852,16,3,True,10,1000000,Hit,-0.382
853,16,3,True,50,1000000,Hit,13.518
854,16,3,True,100,1000000,Hit,-23.472
855,16,3,False,10,1000000,Split,-0.213
856,16,3,False,50,1000000,Split,1.972
857,16,3,False,100,1000000,Stay,-40.658
858,16,4,True,10,1000000,Hit,-3.804
859,16,4,True,50,1000000,Stay,-0.574
860,16,4,True,100,1000000,Hit,0.9
861,16,4,False,10,1000000,Stay,-2.502
862,16,4,False,50,1000000,Stay,-11.735
863,16,4,False,100,1000000,Stay,-39.423
864,16,5,True,10,1000000,Hit,-0.022
865,16,5,True,50,1000000,Hit,-12.259
866,16,5,True,100,1000000,Hit,-21.59
867,16,5,False,10,1000000,Split,3.255
868,16,5,False,50,1000000,Split,12.145
869,16,5,False,100,1000000,Split,3.365
870,16,6,True,10,1000000,Hit,2.608
871,16,6,True,50,1000000,Hit,9.682
872,16,6,True,100,1000000,Hit,10.755
873,16,6,False,10,1000000,Stay,-1.651
874,16,6,False,50,1000000,Split,5.534
875,16,6,False,100,1000000,Split,-0.804
876,16,7,True,10,1000000,Hit,-1.558
877,16,7,True,50,1000000,Hit,4.202
878,16,7,True,100,1000000,Hit,5.127
879,16,7,False,10,1000000,Hit,-2.227
880,16,7,False,50,1000000,Split,10.625
881,16,7,False,100,1000000,Split,32.372
882,16,8,True,10,1000000,Hit,-2.116
883,16,8,True,50,1000000,Hit,1.143
884,16,8,True,100,1000000,Hit,-13.023
885,16,8,False,10,1000000,Hit,-2.535
886,16,8,False,50,1000000,Split,-15.236
887,16,8,False,100,1000000,Split,20.721
888,16,9,True,10,1000000,Hit,-3.188
889,16,9,True,50,1000000,Hit,-12.263
890,16,9,True,100,1000000,Hit,-31.959
891,16,9,False,10,1000000,Hit,-5.141
892,16,9,False,50,1000000,Hit,-25.172
893,16,9,False,100,1000000,Stay,-46.237
894,16,10,True,10,1000000,Hit,-5.026
895,16,10,True,50,1000000,Hit,-17.398
896,16,10,True,100,1000000,Hit,-15.96
897,16,10,False,10,1000000,Stay,-7.635
898,16,10,False,50,1000000,Split,-22.692
899,16,10,False,100,1000000,Stay,-60.0
900,17,1,True,10,1000000,Hit,-0.238
901,17,1,True,50,1000000,Hit,-11.499
902,17,1,True,100,1000000,Hit,-19.314
903,17,1,False,10,1000000,Stay,-5.264
904,17,1,False,50,1000000,Stay,-22.944
905,17,1,False,100,1000000,Hit,-46.05
906,17,2,True,10,1000000,Hit,1.995
907,17,2,True,50,1000000,Hit,0.037
908,17,2,True,100,1000000,Stay,-21.689
909,17,2,False,10,1000000,Stay,-2.326
910,17,2,False,50,1000000,Stay,-7.839
911,17,2,False,100,1000000,Stay,17.113
912,17,3,True,10,1000000,Hit,-0.656
913,17,3,True,50,1000000,Stay,-6.706
914,17,3,True,100,1000000,Hit,-11.978
915,17,3,False,10,1000000,Stay,-0.402
916,17,3,False,50,1000000,Stay,-6.78
917,17,3,False,100,1000000,Stay,-15.466
918,17,4,True,10,1000000,Stay,-0.479
919,17,4,True,50,1000000,Hit,2.797
920,17,4,True,100,1000000,Hit,-6.596
921,17,4,False,10,1000000,Stay,0.783
922,17,4,False,50,1000000,Stay,-4.217
923,17,4,False,100,1000000,Stay,-22.869
924,17,5,True,10,1000000,Stay,0.375
925,17,5,True,50,1000000,Hit,-6.712
926,17,5,True,100,1000000,Stay,-11.943
927,17,5,False,10,1000000,Stay,1.493
928,17,5,False,50,1000000,Stay,1.028
929,17,5,False,100,1000000,Stay,-20.911
930,17,6,True,10,1000000,Stay,0.01
931,17,6,True,50,1000000,Stay,-9.16
932,17,6,True,100,1000000,Hit,35.418
933,17,6,False,10,1000000,Stay,0.202
934,17,6,False,50,1000000,Stay,4.199
935,17,6,False,100,1000000,Stay,4.014
936,17,7,True,10,1000000,Stay,0.668
937,17,7,True,50,1000000,Hit,1.523
938,17,7,True,100,1000000,Stay,-22.927
939,17,7,False,10,1000000,Stay,-0.402
940,17,7,False,50,1000000,Stay,-8.186
941,17,7,False,100,1000000,Stay,-3.286
942,17,8,True,10,1000000,Hit,-2.812
943,17,8,True,50,1000000,Hit,-8.123
944,17,8,True,100,1000000,Hit,-13.784
945,17,8,False,10,1000000,Hit,-5.029
946,17,8,False,50,1000000,Stay,-25.738
947,17,8,False,100,1000000,Stay,-49.338
948,17,9,True,10,1000000,Hit,-2.826
949,17,9,True,50,1000000,Stay,-23.745
950,17,9,True,100,1000000,Hit,-41.987
951,17,9,False,10,1000000,Stay,-6.589
952,17,9,False,50,1000000,Stay,-28.409
953,17,9,False,100,1000000,Stay,-36.13
954,17,10,True,10,1000000,Hit,-2.222
955,17,10,True,50,1000000,Hit,-12.961
956,17,10,True,100,1000000,Hit,-15.858
957,17,10,False,10,1000000,Stay,-3.285
958,17,10,False,50,1000000,Stay,-16.291
959,17,10,False,100,1000000,Hit,-77.903
960,18,1,True,10,1000000,Stay,1.381
961,18,1,True,50,1000000,Stay,8.883
962,18,1,True,100,1000000,Stay,-21.243
963,18,1,False,10,1000000,Split,-1.524
964,18,1,False,50,1000000,Stay,-0.107
965,18,1,False,100,1000000,Stay,-13.75
966,18,2,True,10,1000000,Stay,3.61
967,18,2,True,50,1000000,Stay,5.078
968,18,2,True,100,1000000,Hit,21.144
969,18,2,False,10,1000000,Stay,2.119
970,18,2,False,50,1000000,Stay,10.206
971,18,2,False,100,1000000,Split,59.519
972,18,3,True,10,1000000,Hit,-1.932
973,18,3,True,50,1000000,Hit,24.402
974,18,3,True,100,1000000,Hit,-28.771
975,18,3,False,10,1000000,Stay,0.885
976,18,3,False,50,1000000,Stay,14.064
977,18,3,False,100,1000000,Stay,19.5
978,18,4,True,10,1000000,Stay,0.822
979,18,4,True,50,1000000,Hit,-5.129
980,18,4,True,100,1000000,Stay,2.107
981,18,4,False,10,1000000,Stay,2.222
982,18,4,False,50,1000000,Stay,7.113
983,18,4,False,100,1000000,Stay,23.18
984,18,5,True,10,1000000,Stay,4.814
985,18,5,True,50,1000000,Hit,10.32
986,18,5,True,100,1000000,Stay,12.264
987,18,5,False,10,1000000,Stay,5.433
988,18,5,False,50,1000000,Stay,17.732
989,18,5,False,100,1000000,Stay,8.104
990,18,6,True,10,1000000,Stay,4.543
991,18,6,True,50,1000000,Stay,15.839
992,18,6,True,100,1000000,Stay,46.568
993,18,6,False,10,1000000,Split,4.533
994,18,6,False,50,1000000,Stay,13.23
995,18,6,False,100,1000000,Stay,33.522
996,18,7,True,10,1000000,Stay,0.216
997,18,7,True,50,1000000,Stay,30.052
998,18,7,True,100,1000000,Stay,20.553
999,18,7,False,10,1000000,Stay,6.02
1000,18,7,False,50,1000000,Stay,24.193
1001,18,7,False,100,1000000,Stay,25.547
1002,18,8,True,10,1000000,Stay,-1.363
1003,18,8,True,50,1000000,Hit,15.596
1004,18,8,True,100,1000000,Stay,-5.731
1005,18,8,False,10,1000000,Split,3.359
1006,18,8,False,50,1000000,Stay,13.364
1007,18,8,False,100,1000000,Stay,23.817
1008,18,9,True,10,1000000,Stay,-3.538
1009,18,9,True,50,1000000,Hit,-0.475
1010,18,9,True,100,1000000,Hit,-31.524
1011,18,9,False,10,1000000,Stay,2.104
1012,18,9,False,50,1000000,Stay,1.144
1013,18,9,False,100,1000000,Stay,-19.106
1014,18,10,True,10,1000000,Stay,-2.221
1015,18,10,True,50,1000000,Hit,-10.813
1016,18,10,True,100,1000000,Stay,-9.595
1017,18,10,False,10,1000000,Stay,-0.502
1018,18,10,False,50,1000000,Stay,-9.253
1019,18,10,False,100,1000000,Stay,1.025
1020,19,1,True,10,1000000,Stay,4.169
1021,19,1,True,50,1000000,Stay,13.949
1022,19,1,True,100,1000000,Stay,37.559
1023,19,1,False,10,1000000,Stay,-0.155
1024,19,1,False,50,1000000,Stay,9.766
1025,19,1,False,100,1000000,Stay,34.677
1026,19,2,True,10,1000000,Stay,2.477
1027,19,2,True,50,1000000,Stay,12.138
1028,19,2,True,100,1000000,Stay,34.25
1029,19,2,False,10,1000000,Stay,3.937
1030,19,2,False,50,1000000,Stay,16.352
1031,19,2,False,100,1000000,Stay,47.03
1032,19,3,True,10,1000000,Stay,1.714
1033,19,3,True,50,1000000,Stay,27.316
1034,19,3,True,100,1000000,Stay,25.61
1035,19,3,False,10,1000000,Stay,5.224
1036,19,3,False,50,1000000,Stay,16.674
1037,19,3,False,100,1000000,Stay,53.018
1038,19,4,True,10,1000000,Stay,3.995
1039,19,4,True,50,1000000,Stay,18.682
1040,19,4,True,100,1000000,Stay,17.157
1041,19,4,False,10,1000000,Stay,4.53
1042,19,4,False,50,1000000,Stay,25.247
1043,19,4,False,100,1000000,Stay,36.114
1044,19,5,True,10,1000000,Stay,4.091
1045,19,5,True,50,1000000,Stay,18.157
1046,19,5,True,100,1000000,Stay,51.616
1047,19,5,False,10,1000000,Stay,3.09
1048,19,5,False,50,1000000,Stay,27.648
1049,19,5,False,100,1000000,Stay,35.457
1050,19,6,True,10,1000000,Stay,5.928
1051,19,6,True,50,1000000,Stay,21.319
1052,19,6,True,100,1000000,Stay,15.144
1053,19,6,False,10,1000000,Stay,3.949
1054,19,6,False,50,1000000,Stay,21.219
1055,19,6,False,100,1000000,Stay,37.311
1056,19,7,True,10,1000000,Stay,7.744
1057,19,7,True,50,1000000,Stay,31.028
1058,19,7,True,100,1000000,Stay,48.256
1059,19,7,False,10,1000000,Stay,4.668
1060,19,7,False,50,1000000,Stay,19.123
1061,19,7,False,100,1000000,Stay,58.074
1062,19,8,True,10,1000000,Stay,2.773
1063,19,8,True,50,1000000,Stay,32.889
1064,19,8,True,100,1000000,Stay,56.678
1065,19,8,False,10,1000000,Stay,6.333
1066,19,8,False,50,1000000,Stay,25.89
1067,19,8,False,100,1000000,Stay,80.505
1068,19,9,True,10,1000000,Hit,0.241
1069,19,9,True,50,1000000,Stay,9.319
1070,19,9,True,100,1000000,Stay,37.159
1071,19,9,False,10,1000000,Stay,2.494
1072,19,9,False,50,1000000,Stay,10.139
1073,19,9,False,100,1000000,Stay,48.467
1074,19,10,True,10,1000000,Stay,-0.407
1075,19,10,True,50,1000000,Stay,-4.714
1076,19,10,True,100,1000000,Stay,6.149
1077,19,10,False,10,1000000,Stay,1.097
1078,19,10,False,50,1000000,Stay,12.287
1079,19,10,False,100,1000000,Stay,10.424
1080,20,1,True,10,1000000,Stay,7.683
1081,20,1,True,50,1000000,Stay,35.172
1082,20,1,True,100,1000000,Stay,56.097
1083,20,1,False,10,1000000,Stay,5.224
1084,20,1,False,50,1000000,Stay,39.054
1085,20,1,False,100,1000000,Stay,51.53
1086,20,2,True,10,1000000,Stay,6.912
1087,20,2,True,50,1000000,Stay,25.354
1088,20,2,True,100,1000000,Stay,67.699
1089,20,2,False,10,1000000,Stay,8.231
1090,20,2,False,50,1000000,Stay,34.009
1091,20,2,False,100,1000000,Stay,60.136
1092,20,3,True,10,1000000,Stay,5.178
1093,20,3,True,50,1000000,Stay,37.389
1094,20,3,True,100,1000000,Stay,58.718
1095,20,3,False,10,1000000,Stay,6.877
1096,20,3,False,50,1000000,Stay,25.831
1097,20,3,False,100,1000000,Stay,53.347
1098,20,4,True,10,1000000,Stay,3.241
1099,20,4,True,50,1000000,Stay,27.679
1100,20,4,True,100,1000000,Stay,65.28
1101,20,4,False,10,1000000,Stay,6.989
1102,20,4,False,50,1000000,Stay,37.767
1103,20,4,False,100,1000000,Stay,59.754
1104,20,5,True,10,1000000,Stay,5.785
1105,20,5,True,50,1000000,Stay,33.195
1106,20,5,True,100,1000000,Stay,62.082
1107,20,5,False,10,1000000,Stay,7.001
1108,20,5,False,50,1000000,Stay,30.881
1109,20,5,False,100,1000000,Stay,72.837
1110,20,6,True,10,1000000,Stay,7.163
1111,20,6,True,50,1000000,Stay,35.438
1112,20,6,True,100,1000000,Stay,53.889
1113,20,6,False,10,1000000,Stay,8.565
1114,20,6,False,50,1000000,Stay,32.146
1115,20,6,False,100,1000000,Stay,62.09
1116,20,7,True,10,1000000,Stay,6.853
1117,20,7,True,50,1000000,Stay,39.72
1118,20,7,True,100,1000000,Stay,76.566
1119,20,7,False,10,1000000,Stay,7.805
1120,20,7,False,50,1000000,Stay,37.29
1121,20,7,False,100,1000000,Stay,64.337
1122,20,8,True,10,1000000,Stay,8.19
1123,20,8,True,50,1000000,Stay,31.145
1124,20,8,True,100,1000000,Stay,82.203
1125,20,8,False,10,1000000,Stay,5.649
1126,20,8,False,50,1000000,Stay,41.506
1127,20,8,False,100,1000000,Stay,65.351
1128,20,9,True,10,1000000,Stay,8.165
1129,20,9,True,50,1000000,Stay,36.862
1130,20,9,True,100,1000000,Stay,77.028
1131,20,9,False,10,1000000,Stay,7.137
1132,20,9,False,50,1000000,Stay,42.619
1133,20,9,False,100,1000000,Stay,77.198
1134,20,10,True,10,1000000,Stay,5.308
1135,20,10,True,50,1000000,Stay,30.162
1136,20,10,True,100,1000000,Stay,63.91
1137,20,10,False,10,1000000,Stay,5.924
1138,20,10,False,50,1000000,Stay,22.702
1139,20,10,False,100,1000000,Stay,60.622
1140,21,1,True,10,1000000,Stay,156025.651
1141,21,1,True,50,1000000,Stay,80122.147
1142,21,1,True,100,1000000,Stay,14065.467
1143,21,1,False,10,1000000,Stay,9.141
1144,21,1,False,50,1000000,Stay,44.538
1145,21,1,False,100,1000000,Stay,86.207
1146,21,2,True,10,1000000,Stay,394.209
1147,21,2,True,50,1000000,Stay,419.409
1148,21,2,True,100,1000000,Stay,2288.428
1149,21,2,False,10,1000000,Stay,7.671
1150,21,2,False,50,1000000,Stay,47.494
1151,21,2,False,100,1000000,Stay,91.932
1152,21,3,True,10,1000000,Stay,840.909
1153,21,3,True,50,1000000,Stay,274.226
1154,21,3,True,100,1000000,Stay,293.698
1155,21,3,False,10,1000000,Stay,8.22
1156,21,3,False,50,1000000,Stay,41.793
1157,21,3,False,100,1000000,Stay,91.514
1158,21,4,True,10,1000000,Stay,21113.426
1159,21,4,True,50,1000000,Stay,183.571
1160,21,4,True,100,1000000,Stay,1333.847
1161,21,4,False,10,1000000,Stay,8.296
1162,21,4,False,50,1000000,Stay,43.446
1163,21,4,False,100,1000000,Stay,73.145
1164,21,5,True,10,1000000,Stay,6837.267
1165,21,5,True,50,1000000,Stay,5892.434
1166,21,5,True,100,1000000,Stay,6230.55
1167,21,5,False,10,1000000,Stay,9.323
1168,21,5,False,50,1000000,Stay,44.688
1169,21,5,False,100,1000000,Stay,90.281
1170,21,6,True,10,1000000,Stay,6836.126
1171,21,6,True,50,1000000,Stay,88785.761
1172,21,6,True,100,1000000,Stay,960.847
1173,21,6,False,10,1000000,Stay,8.99
1174,21,6,False,50,1000000,Stay,46.25
1175,21,6,False,100,1000000,Stay,92.211
1176,21,7,True,10,1000000,Stay,2333.081
1177,21,7,True,50,1000000,Stay,568.343
1178,21,7,True,100,1000000,Stay,522.306
1179,21,7,False,10,1000000,Stay,9.906
1180,21,7,False,50,1000000,Stay,46.19
1181,21,7,False,100,1000000,Stay,90.305
1182,21,8,True,10,1000000,Stay,143.191
1183,21,8,True,50,1000000,Stay,719.684
1184,21,8,True,100,1000000,Stay,359.48
1185,21,8,False,10,1000000,Stay,9.373
1186,21,8,False,50,1000000,Stay,38.313
1187,21,8,False,100,1000000,Stay,82.474
1188,21,9,True,10,1000000,Stay,1551.899
1189,21,9,True,50,1000000,Stay,3197.282
1190,21,9,True,100,1000000,Stay,1334.626
1191,21,9,False,10,1000000,Stay,9.26
1192,21,9,False,50,1000000,Stay,49.396
1193,21,9,False,100,1000000,Stay,93.585
1194,21,10,True,10,1000000,Stay,8.467
1195,21,10,True,50,1000000,Stay,33.291
1196,21,10,True,100,1000000,Stay,90.871
1197,21,10,False,10,1000000,Stay,9.626
1198,21,10,False,50,1000000,Stay,44.895
1199,21,10,False,100,1000000,Stay,93.983
